BSNS_MBY_NM,CNTRCT_CNCLS_BGNDE,CNTRCT_CNCLS_ENDDE,HMPG_ADRES,HOUSE_DETAIL_SECD,HOUSE_DETAIL_SECD_NM,HOUSE_MANAGE_NO,HOUSE_NM,HOUSE_SECD,HOUSE_SECD_NM,HSSPLY_ADRES,HSSPLY_ZIP,MDHS_TELNO,MVN_PREARNGE_YM,PBLANC_NO,PBLANC_URL,PRZWNER_PRESNATN_DE,RCRIT_PBLANC_DE,SEARCH_HOUSE_SECD,SUBSCRPT_RCEPT_BGNDE,SUBSCRPT_RCEPT_ENDDE,TOT_SUPLY_HSHLDCO
주식회사 서울도시재생공간지원위탁관리부동산투자회사,20250113,20250117,https://www.spacereits.co.kr/,03,공공지원민간임대,2024850027,양평동 동문 디 이스트,03,공공지원민간임대,서울특별시 영등포구 양평동1가 30번지 ,07262,03180686329,202505,2024850027,https://www.applyhome.co.kr/ai/aia/selectPRMOLttotPblancDetailView.do?houseManageNo=2024850027&pblancNo=2024850027&houseSecd=03,20241230,20241217,0303,20241223,20241224,38
대방건설 주식회사,20241226,20241226,http://www.detre-ep.co.kr/,03,공공지원민간임대,2024850026,서울은평뉴타운 디에트르 더 퍼스트,03,공공지원민간임대,서울시 은평구 진관동 149-4 일원(은평뉴타운 3-14BL),03304,0319757988,202506,2024850026,https://www.applyhome.co.kr/ai/aia/selectPRMOLttotPblancDetailView.do?houseManageNo=2024850026&pblancNo=2024850026&houseSecd=03,20241220,20241209,0303,20241216,20241217,1
(주)계룡하나제3호위탁관리부동산투자회사,20241220,20241224,http://www.엘리프옥정시그니처.com,03,공공지원민간임대,2024850025,엘리프 옥정 시그니처,03,공공지원민간임대,경기도 양주시 옥정동 1022(옥정택지개발지구 A-5BL),11466,0269114345,202503,2024850025,https://www.applyhome.co.kr/ai/aia/selectPRMOLttotPblancDetailView.do?houseManageNo=2024850025&pblancNo=2024850025&houseSecd=03,20241210,20241129,0303,20241204,20241205,670
(주)엘티대한제8호위탁관리부동산투자회사,20250114,20250115,https://www.elyes.co.kr/main/main.do,03,공공지원민간임대,2024850024,양산 사송지구 B-8BL 사송 롯데캐슬,03,공공지원민간임대,경상남도 양산시 동면 사송리 1218번지 (양산사송지구 B-8BL),50637,0553724999,202501,2024850024,https://www.applyhome.co.kr/ai/aia/selectPRMOLttotPblancDetailView.do?houseManageNo=2024850024&pblancNo=2024850024&houseSecd=03,20250107,20241227,0303,20250102,20250102,120
대방건설 주식회사,20241125,20241125,http://www.detre-ep.co.kr/,03,공공지원민간임대,2024850023,서울은평뉴타운 디에트르 더 퍼스트,03,공공지원민간임대,서울특별시 은평구 진관동 149-4 일원 (은평뉴타운 3-14BL),03302,0319757988,202506,2024850023,https://www.applyhome.co.kr/ai/aia/selectPRMOLttotPblancDetailView.do?houseManageNo=2024850023&pblancNo=2024850023&houseSecd=03,20241122,20241113,0303,20241118,20241119,3
(주)엘티대한제8호위탁관리부동산투자회사,20241106,20241107,https://www.elyes.co.kr/main/main.do,03,공공지원민간임대,2024850022,양산 사송지구 B-8BL 사송 롯데캐슬,03,공공지원민간임대,경상남도 양산시 동면 사송리 1218번지 (양산 사송지구 B-8BL),50637,0553724999,202411,2024850022,https://www.applyhome.co.kr/ai/aia/selectPRMOLttotPblancDetailView.do?houseManageNo=2024850022&pblancNo=2024850022&houseSecd=03,20241028,20241018,0303,20241023,20241023,272
창원뉴스테이 주식회사,20241010,20241011,http://www.ssgreencore2.com,03,공공지원민간임대,2024850021,성산 삼정그린코아 웰레스트,03,공공지원민간임대,경상남도 창원시 성산구 안민동 614-2번지 일원[창원안민 공공지원 민간임대주택 공급촉진지구],51547,15668728,202502,2024850021,https://www.applyhome.co.kr/ai/aia/selectPRMOLttotPblancDetailView.do?houseManageNo=2024850021&pblancNo=2024850021&houseSecd=03,20241007,20240925,0303,20240930,20240930,90
대방건설 주식회사,20240912,20240912,http://www.detre-ep.co.kr/,03,공공지원민간임대,2024850020,서울은평뉴타운 디에트르 더 퍼스트,03,공공지원민간임대,서울특별시 은평구 진관동 149-4 일원(은평뉴타운 3-14BL),03302,0319757988,202506,2024850020,https://www.applyhome.co.kr/ai/aia/selectPRMOLttotPblancDetailView.do?houseManageNo=2024850020&pblancNo=2024850020&houseSecd=03,20240910,20240830,0303,20240904,20240905,4
창원뉴스테이 주식회사,20240826,20240827,http://www.ssgreencore2.com,03,공공지원민간임대,2024850019,성산 삼정그린코아 웰레스트,03,공공지원민간임대,경상남도 창원시 성산구 안민동 614-2번지 일원[창원안민 공공지원 민간임대주택 공급촉진지구],51547,15668728,202502,2024850019,https://www.applyhome.co.kr/ai/aia/selectPRMOLttotPblancDetailView.do?houseManageNo=2024850019&pblancNo=2024850019&houseSecd=03,20240822,20240814,0303,20240819,20240819,106
대방건설 주식회사,20240815,20240815,http://www.detre-ep.co.kr/,03,공공지원민간임대,2024850018,서울은평뉴타운 디에트르 더 퍼스트,03,공공지원민간임대,서울특별시 은평구 진관동 149-4 일원(서울은평뉴타운 3-14BL),03301,0319757988,202506,2024850018,https://www.applyhome.co.kr/ai/aia/selectPRMOLttotPblancDetailView.do?houseManageNo=2024850018&pblancNo=2024850018&houseSecd=03,20240813,20240801,0303,20240806,20240807,14
주식회사 서울도시재생공간지원위탁관리부동산투자회사,20240924,20240927,http://www.spacereits.co.kr,03,공공지원민간임대,2024850016,강동밀레니얼 중흥S-클래스,03,공공지원민간임대,서울특별시 강동구 천호동 423-200번지 일원,05329,03180686326,202410,2024850016,https://www.applyhome.co.kr/ai/aia/selectPRMOLttotPblancDetailView.do?houseManageNo=2024850016&pblancNo=2024850016&houseSecd=03,20240906,20240827,0303,20240902,20240903,147
대방건설 주식회사,20240718,20240718,http://www.detre-ep.co.kr/,03,공공지원민간임대,2024850015,서울은평뉴타운 디에트르 더 퍼스트,03,공공지원민간임대,서울특별시 은평구 진관동 149-4일원(은평뉴타운 3-14BL),03308,16883800,202506,2024850015,https://www.applyhome.co.kr/ai/aia/selectPRMOLttotPblancDetailView.do?houseManageNo=2024850015&pblancNo=2024850015&houseSecd=03,20240716,20240704,0303,20240709,20240710,19
창원뉴스테이 주식회사,20240715,20240716,http://www.ssgreencore2.com,03,공공지원민간임대,2024850014,성산 삼정그린코아 웰레스트,03,공공지원민간임대,경상남도 창원시 성산구 안민동 614-2번지일원[창원안민 공공지원 민간임대주택 공급촉진지구],51547,15668728,202502,2024850014,https://www.applyhome.co.kr/ai/aia/selectPRMOLttotPblancDetailView.do?houseManageNo=2024850014&pblancNo=2024850014&houseSecd=03,20240711,20240703,0303,20240708,20240708,119
주식회사 고양성사혁신지구재생사업위탁관리부동산투자회사,20240802,20240804,https://www.cicseongsa.com,03,공공지원민간임대,2024850013,CIC(창조혁신캠퍼스)성사,03,공공지원민간임대,"경기도 고양시 덕양구 성사동, 394번지, 692-67번지",10464,0318157500,202412,2024850013,https://www.applyhome.co.kr/ai/aia/selectPRMOLttotPblancDetailView.do?houseManageNo=2024850013&pblancNo=2024850013&houseSecd=03,20240723,20240711,0303,20240716,20240718,118
대방건설 주식회사,20240618,20240618,http://www.detre-ep.co.kr/,03,공공지원민간임대,2024850012,서울은평뉴타운 디에트르 더 퍼스트,03,공공지원민간임대,서울특별시 은평구 진관동 149-4 일원(은평뉴타운 3-14BL),03308,16883800,202506,2024850012,https://www.applyhome.co.kr/ai/aia/selectPRMOLttotPblancDetailView.do?houseManageNo=2024850012&pblancNo=2024850012&houseSecd=03,20240614,20240603,0303,20240610,20240611,68
(주)엘티대한제8호위탁관리부동산투자회사,20240610,20240611,https://www.elyes.co.kr/main/stayView.do?pid=15,03,공공지원민간임대,2024850011,양산 사송지구 B-8BL 사송 롯데캐슬,03,공공지원민간임대,경상남도 양산시 동면 사송리 1218번지 (양산사송지구 B-8BL),50637,0553724999,202406,2024850011,https://www.applyhome.co.kr/ai/aia/selectPRMOLttotPblancDetailView.do?houseManageNo=2024850011&pblancNo=2024850011&houseSecd=03,20240603,20240524,0303,20240529,20240529,85
(주)유승종합건설,20240528,20240528,http://www.영종유승한내들스카이2차.com,03,공공지원민간임대,2024850010,영종 유승한내들 스카이2차,03,공공지원민간임대,인천광역시 중구 운서동 3085-1,22374,0325248822,202508,2024850010,https://www.applyhome.co.kr/ai/aia/selectPRMOLttotPblancDetailView.do?houseManageNo=2024850010&pblancNo=2024850010&houseSecd=03,20240523,20240510,0303,20240516,20240517,34
대방건설 주식회사,20240516,20240516,http://www.detre-ep.co.kr,03,공공지원민간임대,2024850009,서울은평뉴타운 디에트르 더 퍼스트,03,공공지원민간임대,서울특별시 은평구 진관동 149-4 일원(은평뉴타운 3-14BL),03308,0319757988,202506,2024850009,https://www.applyhome.co.kr/ai/aia/selectPRMOLttotPblancDetailView.do?houseManageNo=2024850009&pblancNo=2024850009&houseSecd=03,20240513,20240429,0303,20240507,20240508,89
창원뉴스테이 주식회사,20240508,20240509,http://www.ssgreencore2.com,03,공공지원민간임대,2024850008,성산 삼정그린코아 웰레스트,03,공공지원민간임대,경상남도 창원시 성산구 안민동 614-2번지 일원[창원안민 공공지원 민간임대주택 공급촉진지구],51547,15668728,202502,2024850008,https://www.applyhome.co.kr/ai/aia/selectPRMOLttotPblancDetailView.do?houseManageNo=2024850008&pblancNo=2024850008&houseSecd=03,20240503,20240424,0303,20240429,20240429,127
대방건설 주식회사,20240411,20240411,http://www.detre-ep.co.kr/,03,공공지원민간임대,2024850007,서울은평뉴타운 디에트르 더퍼스트,03,공공지원민간임대,서울특별시 은평구 진관동 149-4 일원 (은평뉴타운 3-14BL),03308,0319757988,202506,2024850007,https://www.applyhome.co.kr/ai/aia/selectPRMOLttotPblancDetailView.do?houseManageNo=2024850007&pblancNo=2024850007&houseSecd=03,20240405,20240326,0303,20240401,20240402,39
(주)엘티대한제8호위탁관리부동산투자회사,20240417,20240420,https://www.elyes.co.kr/main/stayView.do?pid=15,03,공공지원민간임대,2024850006,양산 사송지구 B-8BL 사송 롯데캐슬,03,공공지원민간임대,경상남도 양산시 사송지구 B-8BL,50659,0553724999,202406,2024850006,https://www.applyhome.co.kr/ai/aia/selectPRMOLttotPblancDetailView.do?houseManageNo=2024850006&pblancNo=2024850006&houseSecd=03,20240409,20240327,0303,20240402,20240403,655
(주)유승종합건설,20240406,20240408,http://www.영종유승한내들스카이2차.com,03,공공지원민간임대,2024850005,영종 유승한내들 스카이2차,03,공공지원민간임대,인천광역시 중구 운서동 3085-1,22374,0325248822,202508,2024850005,https://www.applyhome.co.kr/ai/aia/selectPRMOLttotPblancDetailView.do?houseManageNo=2024850005&pblancNo=2024850005&houseSecd=03,20240401,20240320,0303,20240326,20240327,243
창원뉴스테이 주식회사,20240318,20240319,http://ssgreencore2.com,03,공공지원민간임대,2024850004,성산 삼정그린코아 웰레스트,03,공공지원민간임대,경상남도 창원시 성산구 안민동 614-2번지 일원[창원안민 공공지원 민간임대주택 공급촉진지구],51551,15668728,202502,2024850004,https://www.applyhome.co.kr/ai/aia/selectPRMOLttotPblancDetailView.do?houseManageNo=2024850004&pblancNo=2024850004&houseSecd=03,20240314,20240306,0303,20240311,20240311,143
(주)중흥카이트제십구호위탁관리부동산투자회사,20240331,20240402,http://dd-sclass.com,03,공공지원민간임대,2024850003,당진 대덕수청 중흥S-클래스 포레힐,03,공공지원민간임대,충청남도 당진시 대덕동 1877번지,31787,,202404,2024850003,https://www.applyhome.co.kr/ai/aia/selectPRMOLttotPblancDetailView.do?houseManageNo=2024850003&pblancNo=2024850003&houseSecd=03,20240325,20240313,0303,20240318,20240319,324
대방건설 주식회사,20240307,20240307,http://www.detre-ep.co.kr/,03,공공지원민간임대,2024850002,서울은평뉴타운 디에트르 더 퍼스트,03,공공지원민간임대,서울특별시 은평구 진관동 149-4 일원(은평뉴타운 3-14BL),03301,0319757988,202506,2024850002,https://www.applyhome.co.kr/ai/aia/selectPRMOLttotPblancDetailView.do?houseManageNo=2024850002&pblancNo=2024850002&houseSecd=03,20240304,20240220,0303,20240226,20240227,47
창원뉴스테이 주식회사,20240205,20240206,http://ssgreencore2.com,03,공공지원민간임대,2024850001,성산 삼정그린코아 웰레스트,03,공공지원민간임대,경상남도 창원시 성산구 안민동 614-2번지 일원[창원안민 공공지원 민간임대주택 공급촉진지구],51551,15668728,202502,2024850001,https://www.applyhome.co.kr/ai/aia/selectPRMOLttotPblancDetailView.do?houseManageNo=2024850001&pblancNo=2024850001&houseSecd=03,20240201,20240124,0303,20240129,20240129,163
대방건설 주식회사,20240104,20240104,http://www.detre-ep.co.kr,03,공공지원민간임대,2023850033,서울은평뉴타운 디에트르 더 퍼스트,03,공공지원민간임대,서울특별시 은평구 진관동 149-4 일원 (은평뉴타운 3-14BL),03008,16883800,202506,2023850033,https://www.applyhome.co.kr/ai/aia/selectPRMOLttotPblancDetailView.do?houseManageNo=2023850033&pblancNo=2023850033&houseSecd=03,20240102,20231221,0303,20231226,20231227,97
(주)화성동탄피에프브이,20240110,20240112,https://hillstate.co.kr/SALE/999/main/index,03,공공지원민간임대,2023850032,힐스테이트 동탄포레,03,공공지원민간임대,경기도 화성시 신동 561-1번지 일원,18495,0313775856,202405,2023850032,https://www.applyhome.co.kr/ai/aia/selectPRMOLttotPblancDetailView.do?houseManageNo=2023850032&pblancNo=2023850032&houseSecd=03,20240102,20231215,0303,20231227,20231227,585
창원뉴스테이 주식회사,20231226,20231227,http://www.ssgreencore2.com,03,공공지원민간임대,2023850031,성산 삼정그린코아 웰레스트,03,공공지원민간임대,경상남도 창원시 성산구 안민동 614-2번지 일원[창원안민 공공지원 민간임대주택 공급촉진지구],51551,15668728,202502,2023850031,https://www.applyhome.co.kr/ai/aia/selectPRMOLttotPblancDetailView.do?houseManageNo=2023850031&pblancNo=2023850031&houseSecd=03,20231221,20231213,0303,20231218,20231218,172
㈜케이이비하나스테이제1호 위탁관리부동산투자회사,20231227,20231230,http://www.하나스테이포정.com,03,공공지원민간임대,2023850030,하나스테이 포정,03,공공지원민간임대,대구광역시 중구 중앙대로 435,41918,0532540316,202312,2023850030,https://www.applyhome.co.kr/ai/aia/selectPRMOLttotPblancDetailView.do?houseManageNo=2023850030&pblancNo=2023850030&houseSecd=03,20231221,20231211,0303,20231218,20231218,287
(주)한신대한제1호위탁관리부동산투자회사,20231216,20231216,http://up-thehue.com,03,공공지원민간임대,2023850028,검단 한신더휴 어반파크,03,공공지원민간임대,"인천광역시 서구 매밭로 130 (당하동, 한신더휴 어반파크)",22870,0325695525,202403,2023850028,https://www.applyhome.co.kr/ai/aia/selectPRMOLttotPblancDetailView.do?houseManageNo=2023850028&pblancNo=2023850028&houseSecd=03,20231207,20231127,0303,20231204,20231204,20
대방건설 주식회사,20231123,20231123,http://www.detre-ep.co.kr/,03,공공지원민간임대,2023850027,서울은평뉴타운 디에트르 더퍼스트,03,공공지원민간임대,서울특별시 은평구 진관동 149-4 일원(은평뉴타운 3-14BL),03308,0319757988,202506,2023850027,https://www.applyhome.co.kr/ai/aia/selectPRMOLttotPblancDetailView.do?houseManageNo=2023850027&pblancNo=2023850027&houseSecd=03,20231121,20231110,0303,20231115,20231116,60
창원뉴스테이 주식회사,20231120,20231121,http://www.ssgreencore2.com,03,공공지원민간임대,2023850026,성산 삼정그린코아 웰레스트,03,공공지원민간임대,경상남도 창원시 성산구 안민동 614-2번지 일원(창원안민 공공지원 민간임대주택 공급촉진지구),51547,15668728,202502,2023850026,https://www.applyhome.co.kr/ai/aia/selectPRMOLttotPblancDetailView.do?houseManageNo=2023850026&pblancNo=2023850026&houseSecd=03,20231116,20231108,0303,20231113,20231113,190
대방건설 주식회사,20231019,20231020,http://www.detre-ep.co.kr,03,공공지원민간임대,2023850025,서울은평뉴타운 디에트르 더 퍼스트,03,공공지원민간임대,서울특별시 은평구 진관동 149-4일원(은평뉴타운 3-14BL),03308,0319757988,202506,2023850025,https://www.applyhome.co.kr/ai/aia/selectPRMOLttotPblancDetailView.do?houseManageNo=2023850025&pblancNo=2023850025&houseSecd=03,20231017,20231006,0303,20231011,20231012,64
대한토지신탁(주),20231110,20231113,http://www.엘리프이천하이시티.com,03,공공지원민간임대,2023850023,엘리프 이천 하이시티,03,공공지원민간임대,경기도 이천시 부발읍 아미리 696-7,17332,025284477,202402,2023850023,https://www.applyhome.co.kr/ai/aia/selectPRMOLttotPblancDetailView.do?houseManageNo=2023850023&pblancNo=2023850023&houseSecd=03,20231031,20231020,0303,20231025,20231026,406
(주)한신대한제1호위탁관리부동산투자회사,20231024,20231027,http://www.up-thehue.com/,03,공공지원민간임대,2023850022,검단 한신더휴 어반파크,03,공공지원민간임대,"인천광역시 서구 매밭로 130 (당하동, 한신더휴 어반파크)",22870,025280451,202403,2023850022,https://www.applyhome.co.kr/ai/aia/selectPRMOLttotPblancDetailView.do?houseManageNo=2023850022&pblancNo=2023850022&houseSecd=03,20231016,20230922,0303,20231011,20231011,268
창원뉴스테이 주식회사,20230925,20230926,http://www.ssgreencore2.com,03,공공지원민간임대,2023850021,성산 삼정그린코아 웰레스트,03,공공지원민간임대,경상남도 창원시 성산구 안민동 614-2번지[창원안민 공공지원 민간임대주택 공급촉진지구],51550,15668728,202502,2023850021,https://www.applyhome.co.kr/ai/aia/selectPRMOLttotPblancDetailView.do?houseManageNo=2023850021&pblancNo=2023850021&houseSecd=03,20230921,20230913,0303,20230918,20230918,207
(주)이베데스다제사호위탁관리부동산투자회사,20230913,20230915,,03,공공지원민간임대,2023850020,이랜드 PEER 대명 2단지,03,공공지원민간임대,대구광역시 남구 대명동 1824-1,42409,18991872,202309,2023850020,https://www.applyhome.co.kr/ai/aia/selectPRMOLttotPblancDetailView.do?houseManageNo=2023850020&pblancNo=2023850020&houseSecd=03,20230905,20230824,0303,20230829,20230831,270
(주)이베데스다제사호위탁관리부동산투자회사,20230913,20230915,,03,공공지원민간임대,2023850019,이랜드 PEER 대명 1단지,03,공공지원민간임대,대구광역시 남구 대명동 1875-1,42409,18991872,202309,2023850019,https://www.applyhome.co.kr/ai/aia/selectPRMOLttotPblancDetailView.do?houseManageNo=2023850019&pblancNo=2023850019&houseSecd=03,20230905,20230824,0303,20230829,20230831,178
창원뉴스테이 주식회사,20230828,20230829,http://www.ssgreencore2.com,03,공공지원민간임대,2023850018,성산 삼정그린코아 웰레스트,03,공공지원민간임대,경상남도 창원시 성산구 안민동 614-2번지 일원(창원안민 공공지원 민간임대주택 공급촉진지구),51547,15668728,202502,2023850018,https://www.applyhome.co.kr/ai/aia/selectPRMOLttotPblancDetailView.do?houseManageNo=2023850018&pblancNo=2023850018&houseSecd=03,20230824,20230816,0303,20230821,20230821,216
대방건설 주식회사,20230824,20230825,http://www.detre-ep.co.kr,03,공공지원민간임대,2023850017,서울은평뉴타운 디에트르 더 퍼스트,03,공공지원민간임대,서울특별시 은평구 진관동 149-4 일원(은평뉴타운 3-14BL),03308,0319757988,202506,2023850017,https://www.applyhome.co.kr/ai/aia/selectPRMOLttotPblancDetailView.do?houseManageNo=2023850017&pblancNo=2023850017&houseSecd=03,20230823,20230811,0303,20230816,20230817,72
(주)이베데스다대한제3호위탁관리부동산투자회사,20230830,20230901,http://이랜드피어둔산.kr,03,공공지원민간임대,2023850016,이랜드 PEER 둔산,03,공공지원민간임대,대전광역시 서구 둔산동 928,35209,16600807,202310,2023850016,https://www.applyhome.co.kr/ai/aia/selectPRMOLttotPblancDetailView.do?houseManageNo=2023850016&pblancNo=2023850016&houseSecd=03,20230823,20230810,0303,20230816,20230818,386
대방건설(주),20230727,20230727,http://www.detre-ep.co.kr,03,공공지원민간임대,2023850015,서울은평뉴타운 디에트르 더 퍼스트,03,공공지원민간임대,서울특별시 은평구 진관동 149-4 일원(은평뉴타운 3-14BL),03308,0319757988,202506,2023850015,https://www.applyhome.co.kr/ai/aia/selectPRMOLttotPblancDetailView.do?houseManageNo=2023850015&pblancNo=2023850015&houseSecd=03,20230725,20230714,0303,20230719,20230720,54
창원뉴스테이 주식회사,20230724,20230725,http://www.ssgreencore2.com,03,공공지원민간임대,2023850014,성산 삼정그린코아 웰레스트,03,공공지원민간임대,경상남도 창원시 성산구 안민동 614-2번지 일원(창원안민 공공지원 민간임대주택 공급촉진지구),51547,15668728,202502,2023850014,https://www.applyhome.co.kr/ai/aia/selectPRMOLttotPblancDetailView.do?houseManageNo=2023850014&pblancNo=2023850014&houseSecd=03,20230720,20230712,0303,20230717,20230717,232
대방건설(주),20230629,20230629,http://www.detre-ep.co.kr,03,공공지원민간임대,2023850013,서울은평뉴타운 디에트르 더 퍼스트,03,공공지원민간임대,서울특별시 은평구 진관동 149-4 일원 (은평뉴타운 3-14BL),03308,0319757988,202506,2023850013,https://www.applyhome.co.kr/ai/aia/selectPRMOLttotPblancDetailView.do?houseManageNo=2023850013&pblancNo=2023850013&houseSecd=03,20230627,20230616,0303,20230621,20230622,60
창원뉴스테이 주식회사,20230626,20230627,http://www.ssgreencore2.com,03,공공지원민간임대,2023850012,성산 삼정그린코아 웰레스트,03,공공지원민간임대,경상남도 창원시 성산구 안민동 614-2번지 일원(창원안민 공공지원 민간임대주택 공급촉진지구),51551,15668728,202502,2023850012,https://www.applyhome.co.kr/ai/aia/selectPRMOLttotPblancDetailView.do?houseManageNo=2023850012&pblancNo=2023850012&houseSecd=03,20230622,20230614,0303,20230619,20230619,245
㈜케이이비하나스테이제1호 위탁관리부동산투자회사,20230704,20230706,http://www.하나스테이양정.com,03,공공지원민간임대,2023850011,하나스테이 양정,03,공공지원민간임대,부산광역시 부산진구 양정동 351-5번지,47222,0517541117,202307,2023850011,https://www.applyhome.co.kr/ai/aia/selectPRMOLttotPblancDetailView.do?houseManageNo=2023850011&pblancNo=2023850011&houseSecd=03,20230630,20230622,0303,20230627,20230627,205
대방건설(주),20230601,20230601,http://www.detre-ep.co.kr,03,공공지원민간임대,2023850010,서울은평뉴타운 디에트르 더 퍼스트,03,공공지원민간임대,서울특별시 은평구 진관동 149-4 일원(은평뉴타운 3-14BL),03308,16883800,202506,2023850010,https://www.applyhome.co.kr/ai/aia/selectPRMOLttotPblancDetailView.do?houseManageNo=2023850010&pblancNo=2023850010&houseSecd=03,20230526,20230516,0303,20230522,20230523,64
창원뉴스테이 주식회사,20230525,20230526,http://www.ssgreencore2.com,03,공공지원민간임대,2023850009,성산 삼정그린코아 웰레스트,03,공공지원민간임대,경상남도 창원시 성산구 안민동 614-2번지 일원 (창원안민 공공지원민간임대주택 공급촉진지구),51550,15668728,202502,2023850009,https://www.applyhome.co.kr/ai/aia/selectPRMOLttotPblancDetailView.do?houseManageNo=2023850009&pblancNo=2023850009&houseSecd=03,20230522,20230512,0303,20230517,20230517,258
창원뉴스테이 주식회사,20230424,20230425,http://www.ssgreencore2.com,03,공공지원민간임대,2023850008,성산 삼정그린코아 웰레스트,03,공공지원민간임대,경상남도 창원시 성산구 안민동 614-2번지 일원(창원안민 공공지원민간임대주택 공급촉진지구),51550,15668728,202502,2023850008,https://www.applyhome.co.kr/ai/aia/selectPRMOLttotPblancDetailView.do?houseManageNo=2023850008&pblancNo=2023850008&houseSecd=03,20230420,20230412,0303,20230417,20230417,279
(주)우미대한제28호위탁관리부동산투자회사,20230512,20230516,https://ig6.lynn.co.kr/,03,공공지원민간임대,2023850007,검단신도시 AB9BL 우미 린 리버포레,03,공공지원민간임대,인천광역시 서구 원당동 검단신도시 택지개발지구 AB9BL,22878,0325656200,202309,2023850007,https://www.applyhome.co.kr/ai/aia/selectPRMOLttotPblancDetailView.do?houseManageNo=2023850007&pblancNo=2023850007&houseSecd=03,20230425,20230414,0303,20230419,20230420,683
대방건설(주),20230426,20230426,http://www.detre-ep.co.kr,03,공공지원민간임대,2023850006,서울은평뉴타운 디에트르 더 퍼스트,03,공공지원민간임대,서울특별시 은평구 진관동 149-4 일원(은평뉴타운 3-14BL),03308,16883800,202506,2023850006,https://www.applyhome.co.kr/ai/aia/selectPRMOLttotPblancDetailView.do?houseManageNo=2023850006&pblancNo=2023850006&houseSecd=03,20230421,20230412,0303,20230417,20230418,72
주식회사 제로에너지임대리츠2호위탁관리부동산투자회사,20230518,20230520,https://2nd.rorenhouse.co.kr,03,공공지원민간임대,2023850005,"화성동탄(2) BD8, 12, 13, 14블록 로렌하우스(제로에너지임대리츠2호)",03,공공지원민간임대,"경기도 화성시 동탄(2) 택지개발사업지구 BD8,12, 13, 14 BL",18494,15776083,202308,2023850005,https://www.applyhome.co.kr/ai/aia/selectPRMOLttotPblancDetailView.do?houseManageNo=2023850005&pblancNo=2023850005&houseSecd=03,20230511,20230428,0303,20230503,20230504,332
대방건설(주),20230330,20230330,http://www.detre-ep.co.kr,03,공공지원민간임대,2023850004,서울은평뉴타운 디에트르 더 퍼스트,03,공공지원민간임대,서울특별시 은평구 진관동 149-4 일원(은평뉴타운 3-14BL),03308,16883800,202506,2023850004,https://www.applyhome.co.kr/ai/aia/selectPRMOLttotPblancDetailView.do?houseManageNo=2023850004&pblancNo=2023850004&houseSecd=03,20230328,20230317,0303,20230322,20230323,80
창원뉴스테이 주식회사,20230327,20230328,http://www.ssgreencore2.com,03,공공지원민간임대,2023850003,성산 삼정그린코아 웰레스트,03,공공지원민간임대,경상남도 창원시 성산구 안민동 614-2번지 일원(창원안민 공공지원 민간임대주택 공급촉진지구),51550,15668728,202502,2023850003,https://www.applyhome.co.kr/ai/aia/selectPRMOLttotPblancDetailView.do?houseManageNo=2023850003&pblancNo=2023850003&houseSecd=03,20230323,20230315,0303,20230320,20230320,327
(주)대한제22호평택고평위탁관리부동산투자회사,20230403,20230414,,03,공공지원민간임대,2023850002,평택역 SK View,03,공공지원민간임대,"경기도 평택시 고평로 50(통복동, 평택역 SK VIEW)",17920,025280527,202304,2023850002,https://www.applyhome.co.kr/ai/aia/selectPRMOLttotPblancDetailView.do?houseManageNo=2023850002&pblancNo=2023850002&houseSecd=03,20230310,20230228,0303,20230306,20230307,93
대방건설(주),20230217,20230217,http://www.detre-ep.co.kr,03,공공지원민간임대,2023850001,서울은평뉴타운 디에트르 더 퍼스트,03,공공지원민간임대,서울시 은평구 진관동 149-4 일원(은평뉴타운 3-14BL),03308,0319757988,202506,2023850001,https://www.applyhome.co.kr/ai/aia/selectPRMOLttotPblancDetailView.do?houseManageNo=2023850001&pblancNo=2023850001&houseSecd=03,20230214,20230203,0303,20230208,20230209,94
창원뉴스테이 주식회사,20230224,20230226,http://www.ssgreencore2.com,03,공공지원민간임대,2022850029,성산 삼정그린코아 웰레스트,03,공공지원민간임대,경상남도 창원시 성산구 안민동 614-2번지 일원(창원안민 공공지원 민간임대주택 공급촉진지구),51550,15668728,202502,2022850029,https://www.applyhome.co.kr/ai/aia/selectPRMOLttotPblancDetailView.do?houseManageNo=2022850029&pblancNo=2022850029&houseSecd=03,20230217,20230208,0303,20230213,20230214,608
대방건설(주),20230113,20230113,http://www.detre-ep.co.kr/,03,공공지원민간임대,2022850028,서울은평뉴타운 디에트르 더 퍼스트,03,공공지원민간임대,서울특별시 은평구 진관동 149-4 일원(은평뉴타운 3-14BL),03308,16883800,202506,2022850028,https://www.applyhome.co.kr/ai/aia/selectPRMOLttotPblancDetailView.do?houseManageNo=2022850028&pblancNo=2022850028&houseSecd=03,20230110,20221230,0303,20230104,20230105,80
(주)계룡하나제2호위탁관리부동산투자회사,20230114,20230116,http://www.학하리슈빌포레.com,03,공공지원민간임대,2022850026,대전 학하리슈빌포레 공공지원 민간임대,03,공공지원민간임대,대전광역시 유성구 학하동 787번지,34213,0428229577,202302,2022850026,https://www.applyhome.co.kr/ai/aia/selectPRMOLttotPblancDetailView.do?houseManageNo=2022850026&pblancNo=2022850026&houseSecd=03,20230106,20221229,0303,20230103,20230103,116
대방건설(주),20221125,20221125,http://www.detre-ep.co.kr,03,공공지원민간임대,2022850024,서울은평뉴타운 디에트르 더 퍼스트,03,공공지원민간임대,서울특별시 은평구 진관동 149-4 일원(은평뉴타운 3-14BL),03308,16883800,202506,2022850024,https://www.applyhome.co.kr/ai/aia/selectPRMOLttotPblancDetailView.do?houseManageNo=2022850024&pblancNo=2022850024&houseSecd=03,20221122,20221109,0303,20221116,20221117,75
대방건설(주),20221021,20221021,http://www.detre-ep.co.kr/,03,공공지원민간임대,2022850023,서울은평뉴타운 디에트르 더 퍼스트,03,공공지원민간임대,서울특별시 은평구 진관동 149-4 일원(은평뉴타운 3-14BL),03308,16883800,202506,2022850023,https://www.applyhome.co.kr/ai/aia/selectPRMOLttotPblancDetailView.do?houseManageNo=2022850023&pblancNo=2022850023&houseSecd=03,20221018,20221007,0303,20221012,20221013,89
(주)한신대한제1호위탁관리부동산투자회사,20221111,20221115,http://up-thehue.com/,03,공공지원민간임대,2022850022,인천 검단신도시 AB5BL 한신더휴 어반파크,03,공공지원민간임대,인천광역시 서구 당하동 검단신도시 택지개발지구 AB5블록,22871,025280451,202303,2022850022,https://www.applyhome.co.kr/ai/aia/selectPRMOLttotPblancDetailView.do?houseManageNo=2022850022&pblancNo=2022850022&houseSecd=03,20221101,20221021,0303,20221026,20221027,642
(주)우미케이원제10호위탁관리부동산투자회사,20221107,20221110,https://pj2.lynn.co.kr,03,공공지원민간임대,2022850021,파주 운정신도시 A31블록 우미린 센터포레,03,공공지원민간임대,경기도 파주시 동패동 파주운정3지구 A31BL,10888,0319424400,202302,2022850021,https://www.applyhome.co.kr/ai/aia/selectPRMOLttotPblancDetailView.do?houseManageNo=2022850021&pblancNo=2022850021&houseSecd=03,20221020,20221007,0303,20221012,20221013,386
㈜케이이비하나스테이제1호 위탁관리부동산투자회사,20221016,20221017,http://www.하나스테이광안.com,03,공공지원민간임대,2022850020,하나스테이 광안,03,공공지원민간임대,부산광역시 수영구 광안동 664-6번지,48247,0517541117,202210,2022850020,https://www.applyhome.co.kr/ai/aia/selectPRMOLttotPblancDetailView.do?houseManageNo=2022850020&pblancNo=2022850020&houseSecd=03,20221007,20220929,0303,20221004,20221004,131
대방건설(주),20220923,20220923,http://detre-ep.co.kr,03,공공지원민간임대,2022850019,서울은평뉴타운 디에트르 더 퍼스트,03,공공지원민간임대,서울특별시 은평구 진관동 149-4일원(은평뉴타운 3-14BL),03308,16883800,202506,2022850019,https://www.applyhome.co.kr/ai/aia/selectPRMOLttotPblancDetailView.do?houseManageNo=2022850019&pblancNo=2022850019&houseSecd=03,20220921,20220907,0303,20220915,20220916,82
대방건설(주),20220825,20220826,http://www.detre-ep.co.kr,03,공공지원민간임대,2022850018,서울은평뉴타운 디에트르 더 퍼스트,03,공공지원민간임대,서울특별시 은평구 진관동 149-4 일원(은평뉴타운 3-14BL),03308,16883800,202506,2022850018,https://www.applyhome.co.kr/ai/aia/selectPRMOLttotPblancDetailView.do?houseManageNo=2022850018&pblancNo=2022850018&houseSecd=03,20220822,20220810,0303,20220816,20220817,88
(주)유승종합건설,20221004,20221007,https://jj.hndapt.co.kr/,03,공공지원민간임대,2022850016,남양주 진접지구 4블록 유승한내들 더테라스 연립주택,03,공공지원민간임대,경기도 남양주시 진접읍 금곡리 968번지,12056,0315644300,202303,2022850016,https://www.applyhome.co.kr/ai/aia/selectPRMOLttotPblancDetailView.do?houseManageNo=2022850016&pblancNo=2022850016&houseSecd=03,20220914,20220901,0303,20220906,20220907,236
주식회사 우미대한제23호민간임대주택위탁관리부동산투자회사,20220916,20220920,http://gh2.lynn.co.kr,03,공공지원민간임대,2022850015,경산 하양지구 A-5BL 우미린 에코포레,03,공공지원민간임대,경상북도 경산시 하양읍 하양지구 A5BL,38409,025280593,202212,2022850015,https://www.applyhome.co.kr/ai/aia/selectPRMOLttotPblancDetailView.do?houseManageNo=2022850015&pblancNo=2022850015&houseSecd=03,20220830,20220819,0303,20220824,20220825,665
(주)계룡코크렙제1호위탁관리부동산투자회사,20220901,20220905,http://www.세종4-1리슈빌디어반.com,03,공공지원민간임대,2022850014,세종 4-1 리슈빌 디어반 H2,03,공공지원민간임대,세종특별자치시 시청대로 547(반곡동),30146,027870218,202212,2022850014,https://www.applyhome.co.kr/ai/aia/selectPRMOLttotPblancDetailView.do?houseManageNo=2022850014&pblancNo=2022850014&houseSecd=03,20220822,20220812,0303,20220817,20220817,326
(주)계룡코크렙제1호위탁관리부동산투자회사,20220901,20220905,http://www.세종4-1리슈빌디어반.com,03,공공지원민간임대,2022850013,세종 4-1 리슈빌 디어반 H1,03,공공지원민간임대,세종특별자치시 반곡로 72(반곡동),30146,027870218,202212,2022850013,https://www.applyhome.co.kr/ai/aia/selectPRMOLttotPblancDetailView.do?houseManageNo=2022850013&pblancNo=2022850013&houseSecd=03,20220822,20220812,0303,20220817,20220817,210
대방건설(주),20220728,20220729,http://www.detre-ep.co.kr,03,공공지원민간임대,2022850012,서울은평뉴타운 디에트르 더 퍼스트,03,공공지원민간임대,서울특별시 은평구 진관동 149-4 일원(은평뉴타운 3-14BL),03308,16883800,202506,2022850012,https://www.applyhome.co.kr/ai/aia/selectPRMOLttotPblancDetailView.do?houseManageNo=2022850012&pblancNo=2022850012&houseSecd=03,20220722,20220713,0303,20220718,20220719,104
주식회사 서울리츠임대주택제4호위탁관리부동산투자회사,20220808,20220812,http://www.hillstatenewfore.co.kr/,03,공공지원민간임대,2022850011,힐스테이트 관악 뉴포레,03,공공지원민간임대,서울특별시 관악구 신림동 1644 일원,08700,0269582366,202209,2022850011,https://www.applyhome.co.kr/ai/aia/selectPRMOLttotPblancDetailView.do?houseManageNo=2022850011&pblancNo=2022850011&houseSecd=03,20220726,20220712,0303,20220719,20220721,139
주식회사 제로에너지임대리츠2호위탁관리부동산투자회사,20220722,20220724,https://www.rorenhouse.co.kr,03,공공지원민간임대,2022850010,행복도시 로렌하우스2차(제로에너지 임대리츠2호),03,공공지원민간임대,"세종특별자치시 행정중심복합도시 1-1생활권 B10, B11 BL",30062,15776083,202209,2022850010,https://www.applyhome.co.kr/ai/aia/selectPRMOLttotPblancDetailView.do?houseManageNo=2022850010&pblancNo=2022850010&houseSecd=03,20220713,20220630,0303,20220706,20220707,78
주식회사 제로에너지임대리츠2호위탁관리부동산투자회사,20220722,20220724,https://www.rorenhouse.co.kr,03,공공지원민간임대,2022850009,부산명지 로렌하우스 (제로에너지 임대리츠2호),03,공공지원민간임대,부산광역시 강서구 부산진해 경제자유구역 명지지구 H2BL,46773,15776083,202209,2022850009,https://www.applyhome.co.kr/ai/aia/selectPRMOLttotPblancDetailView.do?houseManageNo=2022850009&pblancNo=2022850009&houseSecd=03,20220713,20220630,0303,20220706,20220707,64
대방건설(주),20220614,20220616,http://www.detre-ep.co.kr,03,공공지원민간임대,2022850008,서울은평뉴타운 디에트르 더 퍼스트,03,공공지원민간임대,서울특별시 은평구 진관동 149-4 일원(은평뉴타운 3-14BL),03308,0319757988,202506,2022850008,https://www.applyhome.co.kr/ai/aia/selectPRMOLttotPblancDetailView.do?houseManageNo=2022850008&pblancNo=2022850008&houseSecd=03,20220607,20220525,0303,20220530,20220531,255
비오엠건설(주),20220520,20220523,http://진주의봄프리미엄.com,03,공공지원민간임대,2022850007,진주의 봄 프리미엄,03,공공지원민간임대,경상남도 진주시 가좌동 2033번지(진주시 역세권 도시개발사업지구 A-2BL),52822,0552686100,202502,2022850007,https://www.applyhome.co.kr/ai/aia/selectPRMOLttotPblancDetailView.do?houseManageNo=2022850007&pblancNo=2022850007&houseSecd=03,20220513,20220504,0303,20220509,20220510,773
(주)서한하나제2호위탁관리부동산투자회사,20220425,20220429,http://ss-beatium.co.kr/,03,공공지원민간임대,2022850005,삼송 서한 비아티움,03,공공지원민간임대,경기도 고양시 덕양구 오금동 595번지,10578,023558888,202303,2022850005,https://www.applyhome.co.kr/ai/aia/selectPRMOLttotPblancDetailView.do?houseManageNo=2022850005&pblancNo=2022850005&houseSecd=03,20220418,20220331,0303,20220411,20220412,340
주식회사 수원청년주택대우케이원제9호위탁관리부동산투자회사,20220311,20220314,https://www.prugio.com/hb/2022/suwon,03,공공지원민간임대,2022850002,수원역 푸르지오 더 스마트,03,공공지원민간임대,경기도 수원시 팔달구 고등동 272-4 일원,16452,15334228,202206,2022850002,https://www.applyhome.co.kr/ai/aia/selectPRMOLttotPblancDetailView.do?houseManageNo=2022850002&pblancNo=2022850002&houseSecd=03,20220307,20220224,0303,20220302,20220302,252
이지스제151호전문투자형사모부동산투자 유한회사,20220216,20220225,http://thesharp-bp.com,03,공공지원민간임대,2022850001,더샵 부평센트럴시티 공공지원민간임대주택,03,공공지원민간임대,인천광역시 부평구 십정동 216번지 일원,21442,0322025678,202205,2022850001,https://www.applyhome.co.kr/ai/aia/selectPRMOLttotPblancDetailView.do?houseManageNo=2022850001&pblancNo=2022850001&houseSecd=03,20220128,20220118,0303,20220124,20220125,2597
라송산업(주),20220217,20220219,http://라송센트럴카운티.com/,03,공공지원민간임대,2021850014,익산 라송 센트럴카운티,03,공공지원민간임대,전라북도 익산시 송학동 322-2번지 일원,54666,027866135,202410,2021850014,https://www.applyhome.co.kr/ai/aia/selectPRMOLttotPblancDetailView.do?houseManageNo=2021850014&pblancNo=2021850014&houseSecd=03,20220128,20220119,0303,20220124,20220125,866
교보자산신탁(주),20220124,20220126,http://hillstate-dongtan-terrace.co.kr,03,공공지원민간임대,2021850013,힐스테이트 동탄 더 테라스,03,공공지원민간임대,경기도 화성시 오산동 1013일원 동탄2택지개발지구 B8BL,18480,0234043404,202310,2021850013,https://www.applyhome.co.kr/ai/aia/selectPRMOLttotPblancDetailView.do?houseManageNo=2021850013&pblancNo=2021850013&houseSecd=03,20220112,20211231,0303,20220107,20220107,99
(주)계룡하나제2호위탁관리부동산투자회사,20211217,20211221,http://학하리슈빌포레.com,03,공공지원민간임대,2021850012,학하 리슈빌 포레,03,공공지원민간임대,대전광역시 유성구 학하남로90번길 76(학하동),34213,0624108100,202209,2021850012,https://www.applyhome.co.kr/ai/aia/selectPRMOLttotPblancDetailView.do?houseManageNo=2021850012&pblancNo=2021850012&houseSecd=03,20211209,20211129,0303,20211206,20211206,506
(주)서희대한스타힐스테이제2호위탁관리부동산투자회사,20211219,20211227,http://www.시흥장현서희스타힐스.com,03,공공지원민간임대,2021850011,시흥장현 B-2BL 서희스타힐스,03,공공지원민간임대,경기도 시흥시 장곡동 일원(시흥장현 B-2BL),14996,0313113100,202204,2021850011,https://www.applyhome.co.kr/ai/aia/selectPRMOLttotPblancDetailView.do?houseManageNo=2021850011&pblancNo=2021850011&houseSecd=03,20211209,20211123,0303,20211206,20211207,887
㈜케이이비하나스테이제1호 위탁관리부동산투자회사,20211217,20211217,http://hanastay.cafe24.com/,03,공공지원민간임대,2021850010,하나스테이 대명,03,공공지원민간임대,대구광역시 남구 명덕로 50(대명동),42400,0232870101,202112,2021850010,https://www.applyhome.co.kr/ai/aia/selectPRMOLttotPblancDetailView.do?houseManageNo=2021850010&pblancNo=2021850010&houseSecd=03,20211206,20211126,0303,20211201,20211201,96
(주)양원어울림대한제13호위탁관리부동산투자회사,20210823,20210826,http://yangwonk.com/,03,공공지원민간임대,2021850008,서울 양원 어울림 포레스트,03,공공지원민간임대,서울시 양원지구 C-3BL (서울시 중랑구 망우동 59-2 일원),02175,0269512201,202112,2021850008,https://www.applyhome.co.kr/ai/aia/selectPRMOLttotPblancDetailView.do?houseManageNo=2021850008&pblancNo=2021850008&houseSecd=03,20210809,20210729,0303,20210803,20210804,331
대전용산개발 주식회사,20210818,20210823,http://hobansummit-djys.co.kr/gp,03,공공지원민간임대,2021850007,대전 용산지구 4블록 호반써밋 그랜드파크,03,공공지원민간임대,대전광역시 유성구 용산동 401번지,34040,16700612,202405,2021850007,https://www.applyhome.co.kr/ai/aia/selectPRMOLttotPblancDetailView.do?houseManageNo=2021850007&pblancNo=2021850007&houseSecd=03,20210810,20210729,0303,20210804,20210805,545
대전용산개발 주식회사,20210818,20210823,http://hobansummit-djys.co.kr/gp,03,공공지원민간임대,2021850006,대전 용산지구 2블록 호반써밋 그랜드파크,03,공공지원민간임대,대전광역시 유성구 용산동 413-1번지,34040,16700612,202405,2021850006,https://www.applyhome.co.kr/ai/aia/selectPRMOLttotPblancDetailView.do?houseManageNo=2021850006&pblancNo=2021850006&houseSecd=03,20210810,20210729,0303,20210804,20210805,1246
(주)우미대한제12호뉴스테이위탁관리부동산투자회사,20210607,20210615,https://www.lynn.co.kr,03,공공지원민간임대,2021850005,파주 운정3지구 A15블록 우미린 더퍼스트,03,공공지원민간임대,경기도 파주시 운정3지구 A15BL ,10865,0319571600,202108,2021850005,https://www.applyhome.co.kr/ai/aia/selectPRMOLttotPblancDetailView.do?houseManageNo=2021850005&pblancNo=2021850005&houseSecd=03,20210527,20210513,0303,20210520,20210521,844
(주)대한제22호평택고평위탁관리부동산투자회사,20210617,20210624,https://www.pgskview.com/,03,공공지원민간임대,2021850004,평택역 SK VIEW,03,공공지원민간임대,경기도 평택시 통복동 370-2번지 일원,18004,18117469,202111,2021850004,https://www.applyhome.co.kr/ai/aia/selectPRMOLttotPblancDetailView.do?houseManageNo=2021850004&pblancNo=2021850004&houseSecd=03,20210604,20210517,0303,20210531,20210601,1235
(주)계룡하나동탄제1호위탁관리부동산투자회사,20210524,20210530,http://hosu-richeville.co.kr,03,공공지원민간임대,2021850003,동탄호수공원 리슈빌,03,공공지원민간임대,경기도 화성시 동탄순환대로3길 36 (송동),18497,15776708,202110,2021850003,https://www.applyhome.co.kr/ai/aia/selectPRMOLttotPblancDetailView.do?houseManageNo=2021850003&pblancNo=2021850003&houseSecd=03,20210513,20210430,0303,20210507,20210507,609
중봉건설(주),20210419,20210421,http://www.gd2-sclass.com,03,공공지원민간임대,2021850002,고양 덕은지구 중흥S클래스 파크시티,03,공공지원민간임대,경기 고양시 덕양구 덕은동 574-2,10540,0319689570,202211,2021850002,https://www.applyhome.co.kr/ai/aia/selectPRMOLttotPblancDetailView.do?houseManageNo=2021850002&pblancNo=2021850002&houseSecd=03,20210407,20210326,0303,20210401,20210402,391
(주)신세계하나제1호기업형임대위탁관리부동산투자회사,20210324,20210326,http://villiv-ulsan.com,03,공공지원민간임대,2021850001,빌리브울산,03,공공지원민간임대,울산광역시 중구 구교로 59 (학성동),44521,0232874608,202105,2021850001,https://www.applyhome.co.kr/ai/aia/selectPRMOLttotPblancDetailView.do?houseManageNo=2021850001&pblancNo=2021850001&houseSecd=03,20210308,20210222,0303,20210302,20210303,135
(주)시티해양건설,20210125,20210129,,03,공공지원민간임대,2020850010,서울신내역 시티프라디움,03,공공지원민간임대,서울특별시 중랑구 양원공공주택지구 주상복합용지,02053,0220162600,202311,2020850010,https://www.applyhome.co.kr/ai/aia/selectPRMOLttotPblancDetailView.do?houseManageNo=2020850010&pblancNo=2020850010&houseSecd=03,20210108,20201229,0303,20210104,20210105,495
(주)힐스테이트봉담대한제6호뉴스테이위탁관리부동산투자회사,20210111,20210115,https://www.hillstate.co.kr/s/#Bongdam,03,공공지원민간임대,2020850009,힐스테이트 봉담(봉담2 B-3BL),03,공공지원민간임대,경기도 화성시 봉담읍 수영리 689,18313,025280534,202106,2020850009,https://www.applyhome.co.kr/ai/aia/selectPRMOLttotPblancDetailView.do?houseManageNo=2020850009&pblancNo=2020850009&houseSecd=03,20201230,20201217,0303,20201222,20201224,803
주식회사 인천공항영종위탁관리부동산투자회사,20201214,20201220,http://www.prugio.com/house/2020/unseo,03,공공지원민간임대,2020850008,운서역 푸르지오 더 스카이 공공지원 민간임대,03,공공지원민간임대,인천광역시 중구 운남동 1778,22376,0220087037,202108,2020850008,https://www.applyhome.co.kr/ai/aia/selectPRMOLttotPblancDetailView.do?houseManageNo=2020850008&pblancNo=2020850008&houseSecd=03,20201209,20201127,0303,20201202,20201203,1445
(주)고척아이파크대한뉴스테이위탁관리부동산투자회사,20201214,20201220,https://hdc.i-park.com/gocheok/,03,공공지원민간임대,2020850007,고척 아이파크(RD)(공공지원민간임대),03,공공지원민간임대,서울특별시 구로구 고척동 102-1번지 일원,08240,028622205,202210,2020850007,https://www.applyhome.co.kr/ai/aia/selectPRMOLttotPblancDetailView.do?houseManageNo=2020850007&pblancNo=2020850007&houseSecd=03,20201204,20201125,0303,20201130,20201201,597
(주)고척아이파크대한뉴스테이위탁관리부동산투자회사,20201214,20201220,https://hdc.i-park.com/gocheok/,03,공공지원민간임대,2020850006,고척 아이파크(MD)(공공지원민간임대),03,공공지원민간임대,서울특별시 구로구 고척동100-7번지,08240,028622205,202210,2020850006,https://www.applyhome.co.kr/ai/aia/selectPRMOLttotPblancDetailView.do?houseManageNo=2020850006&pblancNo=2020850006&houseSecd=03,20201204,20201125,0303,20201130,20201201,1167
이지스제151호전문투자형사모부동산투자 유한회사,20201102,20201106,http://thesharp-bp.com/,03,공공지원민간임대,2020850005,십정2구역 인천 더샵 부평(공공지원 민간임대주택),03,공공지원민간임대,인천광역시 부평구 십정동 216번지 일대,21442,0322025678,202205,2020850005,https://www.applyhome.co.kr/ai/aia/selectPRMOLttotPblancDetailView.do?houseManageNo=2020850005&pblancNo=2020850005&houseSecd=03,20201020,20201008,0303,20201013,20201015,3578
(주)대림제7호마산회원기업형임대위탁관리부동산투자회사,20200827,20200829,http://www.firststay-daelimamc.co.kr/changwonparkcentral/main.php,03,공공지원민간임대,2020850004,e편한세상 창원 파크센트럴,03,공공지원민간임대,경상남도 창원시 마산회원구 회원동 356-16 일원,51324,0220117684,202009,2020850004,https://www.applyhome.co.kr/ai/aia/selectPRMOLttotPblancDetailView.do?houseManageNo=2020850004&pblancNo=2020850004&houseSecd=03,20200824,20200806,0303,20200818,20200819,682
(주)대한제16호고덕어울림뉴스테이위탁관리부동산투자회사,20200902,20200904,http://www.평택금호어울림.com/,03,공공지원민간임대,2020850003,평택고덕 어울림스퀘어,03,공공지원민간임대,경기도 평택시 고덕국제화계획지구 내 A-11BL,17794,025280527,202010,2020850003,https://www.applyhome.co.kr/ai/aia/selectPRMOLttotPblancDetailView.do?houseManageNo=2020850003&pblancNo=2020850003&houseSecd=03,20200828,20200810,0303,20200820,20200821,594
(주)세진하나제1호위탁관리부동산투자회사,20200603,20200605,,03,공공지원민간임대,2020850002,제주연동 공공지원 민간임대주택 하우스 디 어반,03,공공지원민간임대,제주특별자치도 제주시 연동 261-23번지 일원,690813,18990097,202009,2020850002,https://www.applyhome.co.kr/ai/aia/selectPRMOLttotPblancDetailView.do?houseManageNo=2020850002&pblancNo=2020850002&houseSecd=03,20200525,20200506,0303,20200518,20200520,198
(주)케이지엠씨개발,20200426,20200428,http://gbstation-centreville.co.kr/,03,공공지원민간임대,2020850001,개봉역센트레빌레우스,03,공공지원민간임대,서울시 구로구 개봉동 222,08237,025573395,202007,2020850001,https://www.applyhome.co.kr/ai/aia/selectPRMOLttotPblancDetailView.do?houseManageNo=2020850001&pblancNo=2020850001&houseSecd=03,20200408,20200326,0303,20200331,20200402,218
