BSNS_MBY_NM,CNTRCT_CNCLS_BGNDE,CNTRCT_CNCLS_ENDDE,GNRL_RCEPT_BGNDE,GNRL_RCEPT_ENDDE,HMPG_ADRES,HOUSE_MANAGE_NO,HOUSE_NM,HOUSE_SECD,HOUSE_SECD_NM,HSSPLY_ADRES,HSSPLY_ZIP,MDHS_TELNO,MVN_PREARNGE_YM,PBLANC_NO,PBLANC_URL,PRZWNER_PRESNATN_DE,RCRIT_PBLANC_DE,SPSPLY_RCEPT_BGNDE,SPSPLY_RCEPT_ENDDE,SUBSCRPT_RCEPT_BGNDE,SUBSCRPT_RCEPT_ENDDE,TOT_SUPLY_HSHLDCO
한국자산신탁(주),20250114,20250114,,,https://www.더샵탕정인피니티시티3차.kr,2024940166,더샵 탕정인피니티시티 3차,11,임의공급,충청남도 아산시 아산탕정지구 도시개발구역 A2BL,31461,15513517,202710,2024940166,https://www.applyhome.co.kr/ai/aia/selectAPTRemndrLttotPblancDetailView.do?houseManageNo=2024940166&pblancNo=2024940166,20250110,20250103,,,20250107,20250107,15
파주문산3리지구 주택재개발정비사업조합,20250111,20250111,,,http://paju3-dmapt.co.kr,2024940165,문산역3차 동문 디 이스트 센트럴,11,임의공급,경기도 파주시 문산읍 문산리 81-61번지 일원,10821,0316517733,202711,2024940165,https://www.applyhome.co.kr/ai/aia/selectAPTRemndrLttotPblancDetailView.do?houseManageNo=2024940165&pblancNo=2024940165,20250110,20250102,,,20250106,20250107,99
부천역곡대림A경기도시공사참여가로주택정비사업조합,20250116,20250117,,,,2024940163,부천역곡 자연앤한양립스(3차),11,임의공급,"경기도 부천시 원미구 지봉로127번길 39 (역곡동, 자연앤한양립스)",14668,0323458980,202502,2024940163,https://www.applyhome.co.kr/ai/aia/selectAPTRemndrLttotPblancDetailView.do?houseManageNo=2024940163&pblancNo=2024940163,20250110,20250102,,,20250106,20250107,8
(주)성남고등에스1피에프브이,20241221,20241222,,,http://www.gd-jeil.co.kr,2024940162,판교밸리 제일풍경채,11,임의공급,"경기도 성남시 수정구 고등공원로 19 (고등동, 판교밸리 제일풍경채)",13105,0317568889,202503,2024940162,https://www.applyhome.co.kr/ai/aia/selectAPTRemndrLttotPblancDetailView.do?houseManageNo=2024940162&pblancNo=2024940162,20241220,20241213,,,20241217,20241217,40
한국투자부동산신탁 주식회사,20241223,20241223,,,https://www.트리너스.com,2024940161,동천역 트리너스(3차),11,임의공급,경기도 용인시 수지구 동천동 177-2 외 5필지,16825,15990790,202412,2024940161,https://www.applyhome.co.kr/ai/aia/selectAPTRemndrLttotPblancDetailView.do?houseManageNo=2024940161&pblancNo=2024940161,20241220,20241213,,,20241217,20241217,5
(주)인천검단부천괴안주택위탁관리부동산투자회사,20241220,20241220,,,https://xi.co.kr/bax,2024940160,부천아테라자이(부천괴안지구 B-2블록) 2차,11,임의공급,경기도 부천시 소사구 괴안동 부천괴안 공공주택지구 B2블록,14686,18334412,202701,2024940160,https://www.applyhome.co.kr/ai/aia/selectAPTRemndrLttotPblancDetailView.do?houseManageNo=2024940160&pblancNo=2024940160,20241218,20241211,,,20241213,20241213,22
주식회사 하나자산신탁,20241221,20241221,,,https://www.prugio.com/ht/2024/geomdan,2024940159,검단신도시 푸르지오 더 파크,11,임의공급,인천광역시 서구 검단신도시 AA28BL(마전동),22642,16682060,202712,2024940159,https://www.applyhome.co.kr/ai/aia/selectAPTRemndrLttotPblancDetailView.do?houseManageNo=2024940159&pblancNo=2024940159,20241220,20241213,,,20241217,20241217,49
청천2구역 주택재개발정비사업조합,20241218,20241218,,,http://www.hanwoorired.co.kr/live/37type_event.html,2024940157,e편한세상 부평 그랑힐스(보류지),11,임의공급,인천광역시 부평구 청천동 36-3번지 일원 (청천2구역 주택재개발정비사업),21303,16684888,202503,2024940157,https://www.applyhome.co.kr/ai/aia/selectAPTRemndrLttotPblancDetailView.do?houseManageNo=2024940157&pblancNo=2024940157,20241217,20241210,,,20241212,20241212,2
(주)사이마케팅,20241223,20241223,,,,2024940156,인천 유림노르웨이숲 에듀오션(7차),11,임의공급,"인천광역시 중구 서해대로 278 (신흥동3가, 인천유림노르웨이숲에듀오션)",22334,15991108,202503,2024940156,https://www.applyhome.co.kr/ai/aia/selectAPTRemndrLttotPblancDetailView.do?houseManageNo=2024940156&pblancNo=2024940156,20241220,20241211,,,20241213,20241217,4
(주)무궁화신탁,20241221,20241221,,,https://천호역마에스트로.com,2024940155,천호역 마에스트로(2차),11,임의공급,서울특별시 강동구 천호동 334-2번지,05245,15334551,202502,2024940155,https://www.applyhome.co.kr/ai/aia/selectAPTRemndrLttotPblancDetailView.do?houseManageNo=2024940155&pblancNo=2024940155,20241218,20241206,,,20241212,20241213,23
주식회사 코람코자산신탁,20241213,20241213,,,https://www.glanzlife.co.kr,2024940154,그란츠 리버파크(2차),11,임의공급,서울특별시 강동구 성내동 15번지 일대,05379,15337677,202504,2024940154,https://www.applyhome.co.kr/ai/aia/selectAPTRemndrLttotPblancDetailView.do?houseManageNo=2024940154&pblancNo=2024940154,20241212,20241205,,,20241209,20241209,40
송림6구역재개발정비사업조합,20241221,20241221,,,https://www.리아츠더인천.com,2024940153,리아츠 더 인천,11,임의공급,인천광역시 동구 송림동 31-3번지 일원,22545,15515758,202710,2024940153,https://www.applyhome.co.kr/ai/aia/selectAPTRemndrLttotPblancDetailView.do?houseManageNo=2024940153&pblancNo=2024940153,20241220,20241213,,,20241217,20241217,29
대흥2구역주택재개발정비사업조합,20241226,20241226,,,https://www.reve-switzen.com,2024940152,대전 르에브 스위첸 1단지,11,임의공급,대전광역시 중구 대흥동 385-15번지 일원,34936,0425892580,202709,2024940152,https://www.applyhome.co.kr/ai/aia/selectAPTRemndrLttotPblancDetailView.do?houseManageNo=2024940152&pblancNo=2024940152,20241218,20241211,,,20241213,20241213,50
충청남도개발공사,20241227,20241227,,,https://www.elife.co.kr,2024940151,e편한세상 내포 퍼스트드림(선택형 분양전환공공임대주택),11,임의공급,충남 내포신도시 RH16BL(충청남도 홍성군 홍북읍 신경리 1207일원),32267,0419772600,202701,2024940151,https://www.applyhome.co.kr/ai/aia/selectAPTRemndrLttotPblancDetailView.do?houseManageNo=2024940151&pblancNo=2024940151,20241219,20241212,,,20241216,20241216,613
세광연립가로주택정비사업조합,20241220,20241221,,,https://sejip.co.kr,2024940150,학동역 에스포레 논현,11,임의공급,서울특별시 강남구 논현동 150-4,06115,0267358800,202510,2024940150,https://www.applyhome.co.kr/ai/aia/selectAPTRemndrLttotPblancDetailView.do?houseManageNo=2024940150&pblancNo=2024940150,20241219,20241212,,,20241216,20241216,9
용산주공아파트 주택재건축정비사업조합,20241214,20241215,,,https://한화포레나충주호암.com,2024940149,한화포레나 충주호암,11,임의공급,충청북도 충주시 호암동 193-2번지 일원,27401,0438451260,202708,2024940149,https://www.applyhome.co.kr/ai/aia/selectAPTRemndrLttotPblancDetailView.do?houseManageNo=2024940149&pblancNo=2024940149,20241212,20241205,,,20241209,20241209,49
신한자산신탁(주),20241231,20250103,,,,2024940148,고덕 센트럴 푸르지오,11,임의공급,서울특별시 강동구 고덕로 399,05222,0314319601,202502,2024940148,https://www.applyhome.co.kr/ai/aia/selectAPTRemndrLttotPblancDetailView.do?houseManageNo=2024940148&pblancNo=2024940148,20241223,20241213,,,20241217,20241217,5
경남기업(주),20241214,20241214,,,https://gjtj-honorsville.kr,2024940147,광주태전 경남아너스빌 리미티드,11,임의공급,경기도 광주시 장지동 695-14번지 일원,12786,15555404,202708,2024940147,https://www.applyhome.co.kr/ai/aia/selectAPTRemndrLttotPblancDetailView.do?houseManageNo=2024940147&pblancNo=2024940147,20241212,20241205,,,20241209,20241209,28
케이비부동산신탁(주),20241214,20241214,,,http://더트루엘마곡hq.com,2024940146,더 트루엘 마곡 HQ(3차),11,임의공급,"서울특별시 강서구 공항동 11-10,22번지 일원",07618,15668228,202412,2024940146,https://www.applyhome.co.kr/ai/aia/selectAPTRemndrLttotPblancDetailView.do?houseManageNo=2024940146&pblancNo=2024940146,20241211,20241202,,,20241206,20241206,17
사직3구역주택재개발정비사업조합,20241213,20241213,,,,2024940145,힐스테이트 어울림 청주사직,11,임의공급,충청북도 청주시 서원구 사직동 215-8번지,28550,0432694535,202706,2024940145,https://www.applyhome.co.kr/ai/aia/selectAPTRemndrLttotPblancDetailView.do?houseManageNo=2024940145&pblancNo=2024940145,20241212,20241204,,,20241209,20241209,25
(주)원건설산업,20241207,20241208,,,https://오산세교힐데스하임.com,2024940144,오산세교2지구 힐데스하임(A20블록),11,임의공급,경기도 오산시 벌음동 149 일원(오산세교2지구 A20블록),18104,18116110,202702,2024940144,https://www.applyhome.co.kr/ai/aia/selectAPTRemndrLttotPblancDetailView.do?houseManageNo=2024940144&pblancNo=2024940144,20241204,20241127,,,20241129,20241129,98
주식회사 인데크,20241206,20241206,,,http://www.의정부역신동아파밀리에.com,2024940143,의정부역 파밀리에Ⅱ(3차),11,임의공급,"경기도 의정부시 의정부동 100-1, 100-2번지",11697,0318738979,202607,2024940143,https://www.applyhome.co.kr/ai/aia/selectAPTRemndrLttotPblancDetailView.do?houseManageNo=2024940143&pblancNo=2024940143,20241205,20241128,,,20241202,20241202,8
주식회사 하나자산신탁,20241129,20241129,,,,2024940142,e편한세상 주촌 더프리미어,11,임의공급,경상남도 김해시 주촌면 선지리 213-2번지 일원,50887,0553351777,202512,2024940142,https://www.applyhome.co.kr/ai/aia/selectAPTRemndrLttotPblancDetailView.do?houseManageNo=2024940142&pblancNo=2024940142,20241128,20241121,,,20241125,20241125,19
중리신도시현대지역주택조합2,20241206,20241207,,,http://hillstate.co.kr/s/ics,2024940141,힐스테이트 이천역 1단지,11,임의공급,경기도 이천시 증일동 79-4번지 일원,17391,0316338300,202607,2024940141,https://www.applyhome.co.kr/ai/aia/selectAPTRemndrLttotPblancDetailView.do?houseManageNo=2024940141&pblancNo=2024940141,20241204,20241125,,,20241129,20241129,15
주식회사 하나자산신탁,20241130,20241130,,,https://www.osansegyohaustory.com,2024940140,오산세교 하우스토리 더 센트럴(2차),11,임의공급,경기도 오산시 궐동 684-2번지 일원,18123,18116160,202508,2024940140,https://www.applyhome.co.kr/ai/aia/selectAPTRemndrLttotPblancDetailView.do?houseManageNo=2024940140&pblancNo=2024940140,20241126,20241119,,,20241121,20241121,31
마전지역주택조합,20241212,20241212,,,http://가현숲.com,2024940139,검단 스타힐스 가현숲(2차),11,임의공급,인천광역시 서구 마전동 1158-12번지 외 8필지,22601,15778334,202704,2024940139,https://www.applyhome.co.kr/ai/aia/selectAPTRemndrLttotPblancDetailView.do?houseManageNo=2024940139&pblancNo=2024940139,20241205,20241126,,,20241128,20241202,4
한국투자부동산신탁 주식회사,20241128,20241130,,,https://www.트리너스.com,2024940138,동천역 트리너스(2차),11,임의공급,경기도 용인시 수지구 동천동 177-2번지 외 5필지,16825,15990790,202411,2024940138,https://www.applyhome.co.kr/ai/aia/selectAPTRemndrLttotPblancDetailView.do?houseManageNo=2024940138&pblancNo=2024940138,20241125,20241118,,,20241120,20241120,29
공성아파트 소규모재건축사업조합,20241205,20241207,,,https://제기동역파밀리에더센트럴.bunyangnara.kr,2024940137,제기동역 파밀리에 더센트럴(2차),11,임의공급,서울특별시 동대문구 제기동 892-65 번지,02569,0232934500,202606,2024940137,https://www.applyhome.co.kr/ai/aia/selectAPTRemndrLttotPblancDetailView.do?houseManageNo=2024940137&pblancNo=2024940137,20241203,20241125,,,20241127,20241128,11
양주덕정지역주택조합,20241203,20241203,,,http://dj-seohee.co.kr,2024940135,덕정역 서희스타힐스 에듀포레 3단지,11,임의공급,경기도 양주시 덕정동 84번지 일원,11449,15516865,202507,2024940135,https://www.applyhome.co.kr/ai/aia/selectAPTRemndrLttotPblancDetailView.do?houseManageNo=2024940135&pblancNo=2024940135,20241126,20241119,,,20241121,20241121,18
(주)인천검단부천괴안주택위탁관리부동산투자회사,20241129,20241129,,,https://xi.co.kr/bax,2024940133,부천아테라자이(부천괴안지구 B-2블록),11,임의공급,경기도 부천시 소사구 괴안동 부천괴안 공공주택지구 B2블록,14686,18334412,202701,2024940133,https://www.applyhome.co.kr/ai/aia/selectAPTRemndrLttotPblancDetailView.do?houseManageNo=2024940133&pblancNo=2024940133,20241125,20241118,,,20241120,20241120,38
길훈아파트 주택재건축정비사업조합,20241206,20241207,,,https://gaebongluvlu.imweb.me,2024940132,개봉 루브루(3차),11,임의공급,서울특별시 구로구 개봉동 312-38 일원,08355,15995405,202604,2024940132,https://www.applyhome.co.kr/ai/aia/selectAPTRemndrLttotPblancDetailView.do?houseManageNo=2024940132&pblancNo=2024940132,20241202,20241121,,,20241126,20241127,25
주식회사 케이티앤지,20241126,20241126,,,https://www.엘리프미아역.com,2024940131,엘리프 미아역 2단지(3차),11,임의공급,서울특별시 강북구 도봉로 222 (미아동),01133,029295554,202608,2024940131,https://www.applyhome.co.kr/ai/aia/selectAPTRemndrLttotPblancDetailView.do?houseManageNo=2024940131&pblancNo=2024940131,20241125,20241115,,,20241119,20241120,6
광안2구역주택재개발정비사업조합,20241127,20241127,,,https://www.df-ga.co.kr,2024940130,드파인 광안,11,임의공급,부산광역시 수영구 광안동 1240-38번지,48259,0517578856,202606,2024940130,https://www.applyhome.co.kr/ai/aia/selectAPTRemndrLttotPblancDetailView.do?houseManageNo=2024940130&pblancNo=2024940130,20241125,20241118,,,20241120,20241120,93
신영부동산신탁 주식회사,20241128,20241130,,,https://www.hillstate-hec.co.kr/tapseok,2024940129,힐스테이트 탑석(3차),11,임의공급,경기도 의정부시 용현동 산32번지 외 51필지,11783,15884123,202508,2024940129,https://www.applyhome.co.kr/ai/aia/selectAPTRemndrLttotPblancDetailView.do?houseManageNo=2024940129&pblancNo=2024940129,20241126,20241119,,,20241121,20241121,10
코리아신탁(주),20241123,20241124,,,http://www.양우내안애퍼스티지.com/,2024940128,연신내 양우내안애 퍼스티지 (임의공급 2차),11,임의공급,서울특별시 은평구 갈현동 467-1 번지 일대,03336,15513477,202803,2024940128,https://www.applyhome.co.kr/ai/aia/selectAPTRemndrLttotPblancDetailView.do?houseManageNo=2024940128&pblancNo=2024940128,20241122,20241115,,,20241119,20241119,21
신한자산신탁 주식회사,20241126,20241126,,,https://대전에테르스위첸.com,2024940127,대전 에테르 스위첸(임의공급 2차),11,임의공급,대전광역시 서구 용문동 594-6번지 외 7필지,35300,0428255525,202602,2024940127,https://www.applyhome.co.kr/ai/aia/selectAPTRemndrLttotPblancDetailView.do?houseManageNo=2024940127&pblancNo=2024940127,20241119,20241112,,,20241114,20241114,15
금호건설 주식회사,20241202,20241202,,,,2024940126,경산하양 금호어울림(경산하양지구 A6블록),11,임의공급,경상북도 경산시 하양읍 서사도리로 31 (경산하양 금호어울림),38409,0537667916,202503,2024940126,https://www.applyhome.co.kr/ai/aia/selectAPTRemndrLttotPblancDetailView.do?houseManageNo=2024940126&pblancNo=2024940126,20241129,20241122,,,20241126,20241126,11
주식회사 코람코자산신탁,20241122,20241122,,,https://www.glanzlife.co.kr,2024940125,그란츠 리버파크,11,임의공급,서울특별시 강동구 성내동 15번지 일원,05403,15337677,202504,2024940125,https://www.applyhome.co.kr/ai/aia/selectAPTRemndrLttotPblancDetailView.do?houseManageNo=2024940125&pblancNo=2024940125,20241121,20241114,,,20241118,20241118,60
주식회사 케이에스와이개발,20241122,20241122,,,https://의정부역신동아파밀리에.com/intro.php,2024940124,의정부역 파밀리에Ⅰ(4차),11,임의공급,경기도 의정부시 의정부동 127-4번지,11697,0318738979,202503,2024940124,https://www.applyhome.co.kr/ai/aia/selectAPTRemndrLttotPblancDetailView.do?houseManageNo=2024940124&pblancNo=2024940124,20241121,20241114,,,20241118,20241118,5
반석C&D,20241129,20241130,,,https://www.vsbless.com/,2024940123,반석블레스 포레,11,임의공급,"서울특별시 서대문구 독립문로8길 27 (천연동, 반석 블레스 포레)",03745,15993071,202411,2024940123,https://www.applyhome.co.kr/ai/aia/selectAPTRemndrLttotPblancDetailView.do?houseManageNo=2024940123&pblancNo=2024940123,20241122,20241115,,,20241119,20241119,4
(주)한국토지신탁,20250117,20250118,,,,2024940122,시지 라온프라이빗,11,임의공급,대구광역시 수성구 달구벌대로 656길 32,42280,18119905,202501,2024940122,https://www.applyhome.co.kr/ai/aia/selectAPTRemndrLttotPblancDetailView.do?houseManageNo=2024940122&pblancNo=2024940122,20250115,20250103,,,20250108,20250110,19
케이비부동산신탁(주),20241123,20241123,,,http://더트루엘마곡hq.com,2024940121,더 트루엘 마곡 HQ(2차),11,임의공급,"서울특별시 강서구 공항동 11-10,22번지 일원",07618,15668228,202412,2024940121,https://www.applyhome.co.kr/ai/aia/selectAPTRemndrLttotPblancDetailView.do?houseManageNo=2024940121&pblancNo=2024940121,20241118,20241111,,,20241113,20241113,17
코리아신탁(주),20241123,20241124,,,https://www.마포에피트어바닉.com ,2024940120,마포 에피트 어바닉,11,임의공급,서울특별시 마포구 아현동 617-1번지 일원,04130,15553111,202807,2024940120,https://www.applyhome.co.kr/ai/aia/selectAPTRemndrLttotPblancDetailView.do?houseManageNo=2024940120&pblancNo=2024940120,20241119,20241111,,,20241113,20241114,46
(주)무궁화신탁,20241116,20241116,,,https://천호역마에스트로.com,2024940119,천호역 마에스트로,11,임의공급,서울특별시 강동구 천호동 334-2번지,05245,15334551,202502,2024940119,https://www.applyhome.co.kr/ai/aia/selectAPTRemndrLttotPblancDetailView.do?houseManageNo=2024940119&pblancNo=2024940119,20241115,20241108,,,20241112,20241112,29
우리자산신탁 주식회사,20241115,20241117,,,http://www.월드메르디앙송도.com,2024940118,월드메르디앙 송도(3차),11,임의공급,인천광역시 연수구 송도동 21-16번지 일원,22002,15661285,202411,2024940118,https://www.applyhome.co.kr/ai/aia/selectAPTRemndrLttotPblancDetailView.do?houseManageNo=2024940118&pblancNo=2024940118,20241114,20241104,,,20241106,20241111,30
광성보원가로주택정비사업조합,20241113,20241114,,,http://wjhm-astra.com,2024940117,원종역 해모로 아스트라,11,임의공급,경기도 부천시 원종동 131번지 외 6필지,14428,0326619077,202511,2024940117,https://www.applyhome.co.kr/ai/aia/selectAPTRemndrLttotPblancDetailView.do?houseManageNo=2024940117&pblancNo=2024940117,20241111,20241104,,,20241106,20241106,17
부천역곡대림A경기도시공사참여가로주택정비사업조합,20241119,20241120,,,,2024940116,부천역곡 자연앤한양립스(2차),11,임의공급,"경기도 부천시 원미구 지봉로127번길 39 (역곡동, 자연앤한양립스)",14668,0323458980,202412,2024940116,https://www.applyhome.co.kr/ai/aia/selectAPTRemndrLttotPblancDetailView.do?houseManageNo=2024940116&pblancNo=2024940116,20241113,20241105,,,20241107,20241108,10
양남시장정비사업조합,20241118,20241119,,,,2024940115,양평동 동문 디 이스트,11,임의공급,서울특별시 영등포구 양평동1가 30,07262,0220692058,202505,2024940115,https://www.applyhome.co.kr/ai/aia/selectAPTRemndrLttotPblancDetailView.do?houseManageNo=2024940115&pblancNo=2024940115,20241112,20241105,,,20241107,20241107,16
유한회사 엠제이,20241125,20241129,,,,2024940114,제주포레팰리스,11,임의공급,제주특별자치도 서귀포시 대정읍 에듀시티로240번길 28,63644,07048820640,202411,2024940114,https://www.applyhome.co.kr/ai/aia/selectAPTRemndrLttotPblancDetailView.do?houseManageNo=2024940114&pblancNo=2024940114,20241122,20241104,,,20241118,20241119,16
교보자산신탁(주),20241113,20241115,,,https://www.dlcon-apt.co.kr/danji/221111/index.html#/,2024940113,e편한세상 옥천 퍼스트원 ,11,임의공급,충청북도 옥천군 옥천읍 동안리 15-1번지 일원,29042,0437330877,202503,2024940113,https://www.applyhome.co.kr/ai/aia/selectAPTRemndrLttotPblancDetailView.do?houseManageNo=2024940113&pblancNo=2024940113,20241111,20241101,,,20241105,20241106,24
주식회사 인데크,20241108,20241108,,,http://www.의정부역신동아파밀리에.com,2024940112,의정부역 파밀리에Ⅱ(2차),11,임의공급,"경기도 의정부시 의정부동 100-1, 100-2번지",11697,0318738979,202607,2024940112,https://www.applyhome.co.kr/ai/aia/selectAPTRemndrLttotPblancDetailView.do?houseManageNo=2024940112&pblancNo=2024940112,20241107,20241031,,,20241104,20241104,7
한국투자부동산신탁 주식회사,20241101,20241101,,,https://www.트리너스.com,2024940111,동천역 트리너스,11,임의공급,경기도 용인시 수지구 동천동 177-2번지 외 5필지,16825,15990790,202411,2024940111,https://www.applyhome.co.kr/ai/aia/selectAPTRemndrLttotPblancDetailView.do?houseManageNo=2024940111&pblancNo=2024940111,20241031,20241023,,,20241025,20241025,36
코리아신탁(주),20241102,20241104,,,http://www.양우내안애퍼스티지.com/,2024940110,연신내 양우내안애 퍼스티지,11,임의공급,서울특별시 은평구 갈현동 467-1번지 일대,03336,15513477,202803,2024940110,https://www.applyhome.co.kr/ai/aia/selectAPTRemndrLttotPblancDetailView.do?houseManageNo=2024940110&pblancNo=2024940110,20241101,20241025,,,20241029,20241029,23
(주)사이마케팅,20241104,20241104,,,,2024940109,인천 유림노르웨이숲 에듀오션(6차),11,임의공급,"인천광역시 중구 서해대로 278 (신흥동3가, 인천유림노르웨이숲에듀오션)",22334,15991108,202412,2024940109,https://www.applyhome.co.kr/ai/aia/selectAPTRemndrLttotPblancDetailView.do?houseManageNo=2024940109&pblancNo=2024940109,20241101,20241021,,,20241025,20241028,4
주식회사 케이에스와이개발,20241030,20241030,,,https://의정부역신동아파밀리에.com/intro.php,2024940108,의정부역 파밀리에Ⅰ(3차),11,임의공급,경기도 의정부시 의정부동 127-4,11697,0318738979,202503,2024940108,https://www.applyhome.co.kr/ai/aia/selectAPTRemndrLttotPblancDetailView.do?houseManageNo=2024940108&pblancNo=2024940108,20241028,20241021,,,20241023,20241023,7
장미구역주택재건축정비사업조합,20241102,20241103,,,https://www.dlcon-apt.co.kr,2024940107,e편한세상 봉선 셀레스티지,11,임의공급,광주광역시 남구 봉선동 1143-36 일원,61691,0629461680,202411,2024940107,https://www.applyhome.co.kr/ai/aia/selectAPTRemndrLttotPblancDetailView.do?houseManageNo=2024940107&pblancNo=2024940107,20241101,20241025,,,20241029,20241029,5
케이비부동산신탁(주),20241106,20241106,,,http://더트루엘마곡hq.com,2024940106,더 트루엘 마곡 HQ,11,임의공급,"서울특별시 강서구 공항동 11-10,22번지 일원",07618,15668228,202411,2024940106,https://www.applyhome.co.kr/ai/aia/selectAPTRemndrLttotPblancDetailView.do?houseManageNo=2024940106&pblancNo=2024940106,20241030,20241023,,,20241025,20241025,20
주공생연아파트주택재건축정비사업조합,20241030,20241031,,,http://www.renewall-brownstone.co.kr/,2024940105,브라운스톤 인터포레 임의공급 3차,11,임의공급,경기도 동두천시 생연동 284번지 일원,11318,0318615257,202412,2024940105,https://www.applyhome.co.kr/ai/aia/selectAPTRemndrLttotPblancDetailView.do?houseManageNo=2024940105&pblancNo=2024940105,20241023,20241014,,,20241016,20241018,29
주식회사유라이즈,20241104,20241105,,,https://blog.naver.com/povidonk,2024940104,이안 모란 센트럴파크,11,임의공급,경기도 성남시 중원구 하대원동 147-5번지,13407,0317513303,202411,2024940104,https://www.applyhome.co.kr/ai/aia/selectAPTRemndrLttotPblancDetailView.do?houseManageNo=2024940104&pblancNo=2024940104,20241028,20241018,,,20241022,20241023,40
청암아파트소규모재건축사업조합,20241028,20241028,,,https://yeokgok-switzen.co.kr,2024940103,역곡역 아테움 스위첸(임의공급3차),11,임의공급,경기도 부천시 소사구 괴안동91-1번지 외 1필지,14688,15774582,202602,2024940103,https://www.applyhome.co.kr/ai/aia/selectAPTRemndrLttotPblancDetailView.do?houseManageNo=2024940103&pblancNo=2024940103,20241021,20241014,,,20241016,20241016,4
길훈아파트 주택재건축정비사업조합,20241101,20241102,,,https://gaebongluvlu.imweb.me,2024940102,개봉 루브루(2차),11,임의공급,"서울특별시 구로구 개봉동 369-1, 312-38",08355,15995405,202604,2024940102,https://www.applyhome.co.kr/ai/aia/selectAPTRemndrLttotPblancDetailView.do?houseManageNo=2024940102&pblancNo=2024940102,20241028,20241015,,,20241022,20241023,27
주식회사 하나자산신탁,20241026,20241027,,,https://www.osansegyohaustory.com,2024940101,오산세교 하우스토리 더센트럴,11,임의공급,경기도 오산시 궐동 684-2번지 일원,18123,18116160,202508,2024940101,https://www.applyhome.co.kr/ai/aia/selectAPTRemndrLttotPblancDetailView.do?houseManageNo=2024940101&pblancNo=2024940101,20241021,20241008,,,20241015,20241015,31
신영부동산신탁 주식회사,20241016,20241020,,,https://www.hillstate-hec.co.kr/tapseok,2024940100,힐스테이트 탑석(2차),11,임의공급,경기도 의정부시 용현동 산32번지 외 51필지,11783,15884123,202508,2024940100,https://www.applyhome.co.kr/ai/aia/selectAPTRemndrLttotPblancDetailView.do?houseManageNo=2024940100&pblancNo=2024940100,20241015,20241007,,,20241010,20241010,15
디비건설(주),20241022,20241022,,,http://detre-yj2.co.kr/,2024940099,양주 옥정　디에트르　프레스티지(2차),11,임의공급,"경기도 양주시 옥정로7길 34 (옥정동, 양주옥정신도시 디에트르 프레스티지)",11468,15777347,202412,2024940099,https://www.applyhome.co.kr/ai/aia/selectAPTRemndrLttotPblancDetailView.do?houseManageNo=2024940099&pblancNo=2024940099,20241015,20241004,,,20241008,20241010,3
산호연립주택재건축정비사업조합,20241018,20241019,,,,2024940098,반월역 동문 디 이스트,11,임의공급,경기도 안산시 상록구 건건동 894-14번지 일원,15521,0315090203,202411,2024940098,https://www.applyhome.co.kr/ai/aia/selectAPTRemndrLttotPblancDetailView.do?houseManageNo=2024940098&pblancNo=2024940098,20241016,20241007,,,20241010,20241011,12
우성타운소규모재건축정비사업조합,20241018,20241019,,,http://sdl-dmtheest.co.kr/,2024940096,신도림역 동문 디 이스트,11,임의공급,"서울특별시 구로구 구로동 33,33-5번지",08289,0269569221,202604,2024940096,https://www.applyhome.co.kr/ai/aia/selectAPTRemndrLttotPblancDetailView.do?houseManageNo=2024940096&pblancNo=2024940096,20241014,20241002,,,20241007,20241008,25
부천역곡대림A경기도시공사참여가로주택정비사업조합,20241021,20241022,,,,2024940095,부천역곡 자연앤한양립스,11,임의공급,"경기도 부천시 원미구 지봉로127번길 39 (역곡동, 자연앤한양립스)",14668,0323458980,202411,2024940095,https://www.applyhome.co.kr/ai/aia/selectAPTRemndrLttotPblancDetailView.do?houseManageNo=2024940095&pblancNo=2024940095,20241014,20241002,,,20241007,20241008,11
엘지로 지역주택조합,20241011,20241011,,,http://starhills-jinwi.co.kr,2024940094,진위역 서희스타힐스 더 파크뷰,11,임의공급,경기도 평택시 진위면 갈곶리 239-60번지 일원,17707,18006366,202702,2024940094,https://www.applyhome.co.kr/ai/aia/selectAPTRemndrLttotPblancDetailView.do?houseManageNo=2024940094&pblancNo=2024940094,20241010,20240930,,,20241004,20241004,20
공성아파트 소규모재건축사업조합,20241012,20241015,,,,2024940093,제기동역 파밀리에 더센트럴,11,임의공급,서울특별시 동대문구 제기동 892-65번지,02569,0232934500,202606,2024940093,https://www.applyhome.co.kr/ai/aia/selectAPTRemndrLttotPblancDetailView.do?houseManageNo=2024940093&pblancNo=2024940093,20241011,20240930,,,20241004,20241007,15
(주)사이마케팅,20240930,20240930,,,,2024940092,인천 유림노르웨이숲 에듀오션(5차),11,임의공급,"인천광역시 중구 서해대로 278 (신흥동3가, 인천유림노르웨이숲에듀오션)",22334,15991108,202412,2024940092,https://www.applyhome.co.kr/ai/aia/selectAPTRemndrLttotPblancDetailView.do?houseManageNo=2024940092&pblancNo=2024940092,20240927,20240913,,,20240920,20240923,8
청암아파트소규모재건축사업조합,20240923,20240923,,,https://yeokgok-switzen.co.kr,2024940090,역곡역 아테움 스위첸(임의공급2차),11,임의공급,경기도 부천시 괴안동 91-1번지 외 1필지,14688,15774582,202602,2024940090,https://www.applyhome.co.kr/ai/aia/selectAPTRemndrLttotPblancDetailView.do?houseManageNo=2024940090&pblancNo=2024940090,20240911,20240904,,,20240906,20240906,14
송내1-1구역주택재건축정비사업조합,20240909,20240909,,,https://www.prugio.com/hb/2023/songnae/,2024940089,송내역 푸르지오 센트비엔(3차),11,임의공급,경기도 부천시 송내동 339번지 일원,14720,15991099,202609,2024940089,https://www.applyhome.co.kr/ai/aia/selectAPTRemndrLttotPblancDetailView.do?houseManageNo=2024940089&pblancNo=2024940089,20240906,20240830,,,20240903,20240903,9
주식회사 하나자산신탁,20240905,20240906,,,https://www.arteracc.co.kr,2024940088,춘천아테라에듀파크,11,임의공급,강원특별자치도 춘천시 동면 만천리 770-6번지 일원,24214,0332610543,202706,2024940088,https://www.applyhome.co.kr/ai/aia/selectAPTRemndrLttotPblancDetailView.do?houseManageNo=2024940088&pblancNo=2024940088,20240904,20240827,,,20240829,20240830,50
광명제9알(R)구역 주택재개발정비사업조합,20240906,20240906,,,https://www.lottecastle.co.kr/APT/AT00410/main/index.do,2024940087,광명 롯데캐슬 시그니처(3차),11,임의공급,경기도 광명시 광명5동 275-3 일원,14289,15513459,202710,2024940087,https://www.applyhome.co.kr/ai/aia/selectAPTRemndrLttotPblancDetailView.do?houseManageNo=2024940087&pblancNo=2024940087,20240904,20240827,,,20240829,20240830,5
주식회사 케이티앤지,20240907,20240908,,,https://www.엘리프미아역.com/,2024940086,엘리프 미아역 1단지,11,임의공급,서울특별시 강북구 미아동 194-2,01133,029295554,202608,2024940086,https://www.applyhome.co.kr/ai/aia/selectAPTRemndrLttotPblancDetailView.do?houseManageNo=2024940086&pblancNo=2024940086,20240904,20240827,,,20240829,20240830,5
인천용현지역주택조합,20240906,20240907,,,http://인천용현경남아너스빌.com,2024940085,인천용현 경남아너스빌,11,임의공급,"인천광역시 미추홀구 아암대로 118 (용현동, 용현오션뷰경남아너스빌아파트)",22191,0328885554,202410,2024940085,https://www.applyhome.co.kr/ai/aia/selectAPTRemndrLttotPblancDetailView.do?houseManageNo=2024940085&pblancNo=2024940085,20240904,20240827,,,20240829,20240830,2
주공생연아파트주택재건축정비사업조합,20240830,20240830,,,http://www.renewall-brownstone.co.kr/,2024940084,브라운스톤 인터포레(2차),11,임의공급,경기도 동두천시 생연동 284번지 일원,11318,0318615257,202412,2024940084,https://www.applyhome.co.kr/ai/aia/selectAPTRemndrLttotPblancDetailView.do?houseManageNo=2024940084&pblancNo=2024940084,20240829,20240821,,,20240823,20240826,50
교보자산신탁(주),20240828,20240828,,,http://xi.co.kr/irv,2024940083,이천자이 더 레브,11,임의공급,경기도 이천시 송정동 산31,17353,18334465,202704,2024940083,https://www.applyhome.co.kr/ai/aia/selectAPTRemndrLttotPblancDetailView.do?houseManageNo=2024940083&pblancNo=2024940083,20240827,20240820,,,20240822,20240822,51
덕수연립가로주택정비사업조합,20240830,20240831,,,,2024940082,염창역 동문디이스트(2차),11,임의공급,서울특별시 강서구 염창동 283,07557,0267358803,202511,2024940082,https://www.applyhome.co.kr/ai/aia/selectAPTRemndrLttotPblancDetailView.do?houseManageNo=2024940082&pblancNo=2024940082,20240829,20240822,,,20240826,20240826,2
길훈아파트 주택재건축정비사업조합,20240906,20240907,,,https://gaebongluvlu.imweb.me,2024940081,개봉 루브루,11,임의공급,"서울특별시 구로구 개봉동 369-1, 312-38",08355,15995405,202604,2024940081,https://www.applyhome.co.kr/ai/aia/selectAPTRemndrLttotPblancDetailView.do?houseManageNo=2024940081&pblancNo=2024940081,20240902,20240822,,,20240827,20240828,30
코리아신탁(주),20240904,20240906,,,https://haute.laphare.kr/,2024940079,라파르 오뜨 서래(2차),11,임의공급,서울특별시 서초구 방배동 798-9,06587,15223337,202409,2024940079,https://www.applyhome.co.kr/ai/aia/selectAPTRemndrLttotPblancDetailView.do?houseManageNo=2024940079&pblancNo=2024940079,20240828,20240816,,,20240821,20240823,10
주식회사 인데크,20240830,20240831,,,http://의정부역신동아파밀리에.com,2024940078,의정부역 파밀리에Ⅱ,11,임의공급,"경기도 의정부시 의정부동 100-1, 100-2번지",11697,0318738979,202607,2024940078,https://www.applyhome.co.kr/ai/aia/selectAPTRemndrLttotPblancDetailView.do?houseManageNo=2024940078&pblancNo=2024940078,20240828,20240819,,,20240821,20240822,35
(주)사이마케팅,20240826,20240827,,,,2024940076,인천 유림노르웨이숲 에듀오션(4차),11,임의공급,"인천광역시 중구 서해대로 278 (신흥동3가, 인천유림노르웨이숲에듀오션)",22334,15991108,202411,2024940076,https://www.applyhome.co.kr/ai/aia/selectAPTRemndrLttotPblancDetailView.do?houseManageNo=2024940076&pblancNo=2024940076,20240823,20240808,,,20240814,20240819,10
부평2구역주택재개발정비사업조합,20240809,20240809,,,https://www.dlcon-apt.co.kr/,2024940075,e편한세상 부평역 센트럴파크,11,임의공급,인천광역시 부평구 부평동 760-700번지 일원,21409,0325295826,202412,2024940075,https://www.applyhome.co.kr/ai/aia/selectAPTRemndrLttotPblancDetailView.do?houseManageNo=2024940075&pblancNo=2024940075,20240808,20240801,,,20240805,20240805,20
신한자산신탁 주식회사,20240821,20240822,,,https://대전에테르스위첸.com,2024940074,대전 에테르 스위첸,11,임의공급,대전광역시 서구 용문동 594-6번지 외 7필지,35300,0428255525,202602,2024940074,https://www.applyhome.co.kr/ai/aia/selectAPTRemndrLttotPblancDetailView.do?houseManageNo=2024940074&pblancNo=2024940074,20240813,20240805,,,20240807,20240808,19
광명제9알(R)구역 주택재개발정비사업조합,20240809,20240809,,,https://www.lottecastle.co.kr/APT/AT00410/main/index.do,2024940073,광명 롯데캐슬 시그니처(2차),11,임의공급,경기도 광명시 광명5동 275-3 일원,14290,15513459,202710,2024940073,https://www.applyhome.co.kr/ai/aia/selectAPTRemndrLttotPblancDetailView.do?houseManageNo=2024940073&pblancNo=2024940073,20240807,20240730,,,20240801,20240802,36
청암아파트소규모재건축사업조합,20240821,20240821,,,https://yeokgok-switzen.co.kr,2024940072,역곡역 아테움 스위첸,11,임의공급,경기도 부천시 괴안동 91-1번지 외 1필지,14688,15774582,202602,2024940072,https://www.applyhome.co.kr/ai/aia/selectAPTRemndrLttotPblancDetailView.do?houseManageNo=2024940072&pblancNo=2024940072,20240813,20240805,,,20240807,20240808,11
송내1-1구역주택재건축정비사업조합,20240807,20240807,,,https://www.prugio.com/hb/2023/songnae,2024940071,송내역 푸르지오 센트비엔(2차),11,임의공급,경기도 부천시 송내동 339번지 일원,14720,15991099,202609,2024940071,https://www.applyhome.co.kr/ai/aia/selectAPTRemndrLttotPblancDetailView.do?houseManageNo=2024940071&pblancNo=2024940071,20240806,20240726,,,20240801,20240801,20
신영부동산신탁 주식회사,20240810,20240811,,,https://www.hillstate-hec.co.kr/tapseok,2024940070,힐스테이트 탑석,11,임의공급,경기도 의정부시 용현동 산32번지 외 51필지,11783,15884123,202508,2024940070,https://www.applyhome.co.kr/ai/aia/selectAPTRemndrLttotPblancDetailView.do?houseManageNo=2024940070&pblancNo=2024940070,20240809,20240729,,,20240805,20240806,15
브레인시티5피에프브이 주식회사,20240807,20240807,,,http://평택브레인시티5bl대광로제비앙.com,2024940069,평택 브레인시티 5BL 대광로제비앙 그랜드센텀,11,임의공급,경기도 평택시 장안동 평택브레인시티 일반산업단지 공동5BL,17738,16008338,202701,2024940069,https://www.applyhome.co.kr/ai/aia/selectAPTRemndrLttotPblancDetailView.do?houseManageNo=2024940069&pblancNo=2024940069,20240731,20240724,,,20240726,20240726,10
주식회사 케이에스와이개발,20240809,20240810,,,https://의정부역신동아파밀리에1.com,2024940068,의정부역 파밀리에Ⅰ(2차),11,임의공급,경기도 의정부시 의정부동 127-4,11697,0318738979,202503,2024940068,https://www.applyhome.co.kr/ai/aia/selectAPTRemndrLttotPblancDetailView.do?houseManageNo=2024940068&pblancNo=2024940068,20240807,20240730,,,20240801,20240802,13
마전지역주택조합,20240807,20240807,,,http://가현숲.com,2024940067,검단 스타힐스 가현숲,11,임의공급,인천광역시 서구 마전동 1158-12번지 외 8필지,22610,15778334,202704,2024940067,https://www.applyhome.co.kr/ai/aia/selectAPTRemndrLttotPblancDetailView.do?houseManageNo=2024940067&pblancNo=2024940067,20240731,20240722,,,20240724,20240726,30
덕수연립가로주택정비사업조합,20240728,20240730,,,,2024940066,염창역 동문디이스트,11,임의공급,서울특별시 강서구 염창동 283,07557,0267358803,202511,2024940066,https://www.applyhome.co.kr/ai/aia/selectAPTRemndrLttotPblancDetailView.do?houseManageNo=2024940066&pblancNo=2024940066,20240726,20240718,,,20240722,20240723,14
덕현지구주택재개발정비사업조합,20240729,20240730,,,https://www.elife.co.kr,2024940065,평촌 센텀퍼스트(4차),11,임의공급,경기도 안양시 동안구 호계동 992-1번지 일원,14111,0313422886,202408,2024940065,https://www.applyhome.co.kr/ai/aia/selectAPTRemndrLttotPblancDetailView.do?houseManageNo=2024940065&pblancNo=2024940065,20240722,20240712,,,20240716,20240717,6
교동아파트재건축정비사업조합,20240802,20240802,,,http://www.jcw-thehue.com/,2024940064,한신더휴 조치원,11,임의공급,"세종특별자치시 조치원읍 교리 26-2,3,6번지 일원",30023,0448651650,202410,2024940064,https://www.applyhome.co.kr/ai/aia/selectAPTRemndrLttotPblancDetailView.do?houseManageNo=2024940064&pblancNo=2024940064,20240726,20240719,,,20240723,20240723,12
역북지역주택조합,20240720,20240720,,,http://www.역북프라임시티.com,2024940062,역북 서희스타힐스 프라임시티(4차),11,임의공급,경기도 용인시 처인구 역북동 89-25번지 일원,17045,15885036,202703,2024940062,https://www.applyhome.co.kr/ai/aia/selectAPTRemndrLttotPblancDetailView.do?houseManageNo=2024940062&pblancNo=2024940062,20240719,20240710,,,20240712,20240716,7
(주)사이마케팅,20240722,20240723,,,,2024940061,인천 유림노르웨이숲 에듀오션(3차),11,임의공급,"인천광역시 중구 서해대로 278 (신흥동3가, 인천유림노르웨이숲에듀오션)",22334,15991108,202411,2024940061,https://www.applyhome.co.kr/ai/aia/selectAPTRemndrLttotPblancDetailView.do?houseManageNo=2024940061&pblancNo=2024940061,20240718,20240708,,,20240711,20240715,10
홍은제13구역주택재개발정비사업조합,20240712,20240712,,,https://www.i-park.com/seodaemun,2024940060,서대문 센트럴 아이파크,11,임의공급,서울특별시 서대문구 홍은동 11-111번지 일원,03602,15519217,202506,2024940060,https://www.applyhome.co.kr/ai/aia/selectAPTRemndrLttotPblancDetailView.do?houseManageNo=2024940060&pblancNo=2024940060,20240710,20240703,,,20240705,20240705,121
코리아신탁(주),20240715,20240715,,,http://휴먼빌아틀리에.kr/,2024940059,양평공흥3 휴먼빌아틀리에,11,임의공급,경기도 양평군 양평읍 공흥리 418번지 일원,12560,15337484,202502,2024940059,https://www.applyhome.co.kr/ai/aia/selectAPTRemndrLttotPblancDetailView.do?houseManageNo=2024940059&pblancNo=2024940059,20240712,20240705,,,20240709,20240709,22
주식회사 케이에스와이개발,20240713,20240714,,,https://의정부역신동아파밀리에.com/intro.php,2024940058,의정부역 파밀리에Ⅰ,11,임의공급,경기도 의정부시 의정부동 127-4,11697,0318738979,202503,2024940058,https://www.applyhome.co.kr/ai/aia/selectAPTRemndrLttotPblancDetailView.do?houseManageNo=2024940058&pblancNo=2024940058,20240712,20240701,,,20240708,20240709,15
세교피에프브이 주식회사,20240706,20240706,,,http://os-thehue.com/,2024940057,오산세교2 한신더휴(A16블록),11,임의공급,경기도 오산시 탑동 110-1번지 일원 (오산세교2지구 A16블록),18127,18002232,202503,2024940057,https://www.applyhome.co.kr/ai/aia/selectAPTRemndrLttotPblancDetailView.do?houseManageNo=2024940057&pblancNo=2024940057,20240703,20240626,,,20240628,20240628,50
디비건설(주),20240711,20240711,,,http://detre-yj2.co.kr/,2024940056,양주 옥정 디에트르 프레스티지,11,임의공급,"경기도 양주시 옥정로7길 34 (옥정동, 양주옥정신도시 디에트르 프레스티지)",11468,15777347,202409,2024940056,https://www.applyhome.co.kr/ai/aia/selectAPTRemndrLttotPblancDetailView.do?houseManageNo=2024940056&pblancNo=2024940056,20240704,20240626,,,20240628,20240701,6
송내1-1구역주택재건축정비사업조합,20240708,20240708,,,https://www.prugio.com/hb/2023/songnae,2024940055,송내역 푸르지오 센트비엔,11,임의공급,경기도 부천시 송내동 339번지 일원,14720,15991099,202609,2024940055,https://www.applyhome.co.kr/ai/aia/selectAPTRemndrLttotPblancDetailView.do?houseManageNo=2024940055&pblancNo=2024940055,20240705,20240628,,,20240702,20240702,35
역북지역주택조합,20240629,20240629,,,http://www.역북프라임시티.com,2024940054,역북 서희스타힐스 프라임시티(3차),11,임의공급,경기도 용인시 처인구 역북동 89-25번지 일원,17045,15885036,202703,2024940054,https://www.applyhome.co.kr/ai/aia/selectAPTRemndrLttotPblancDetailView.do?houseManageNo=2024940054&pblancNo=2024940054,20240627,20240617,,,20240619,20240621,12
광명제9알(R)구역 주택재개발정비사업조합,20240628,20240628,,,https://www.lottecastle.co.kr/APT/AT00410/main/index.do,2024940053,광명 롯데캐슬 시그니처,11,임의공급,경기도 광명시 광명동 275-3 일대,14291,15513459,202710,2024940053,https://www.applyhome.co.kr/ai/aia/selectAPTRemndrLttotPblancDetailView.do?houseManageNo=2024940053&pblancNo=2024940053,20240626,20240618,,,20240620,20240621,109
광명제5R구역주택재개발정비사업조합,20240628,20240628,,,https://www.xi.co.kr/KM5,2024940052,광명자이힐스테이트SKVIEW(5차),11,임의공급,경기도 광명시 광명동 78-38,14213,0269535532,202707,2024940052,https://www.applyhome.co.kr/ai/aia/selectAPTRemndrLttotPblancDetailView.do?houseManageNo=2024940052&pblancNo=2024940052,20240626,20240619,,,20240621,20240621,11
일신건영(주),20240624,20240624,,,http://www.휴먼빌일산클래스원.com,2024940051,휴먼빌 일산 클래스원(2차),11,임의공급,경기도 고양시 일산동구 식사동 1110번지 일원,10304,16006221,202704,2024940051,https://www.applyhome.co.kr/ai/aia/selectAPTRemndrLttotPblancDetailView.do?houseManageNo=2024940051&pblancNo=2024940051,20240621,20240614,,,20240618,20240618,38
유한회사 위캔두,20240624,20240624,,,https://blog.naver.com/vistadongwon,2024940050,화명 플리체 비스타동원,11,임의공급,"부산광역시 북구 대천천길 109 (화명동, 화명플리체비스타동원)",46516,0516121242,202408,2024940050,https://www.applyhome.co.kr/ai/aia/selectAPTRemndrLttotPblancDetailView.do?houseManageNo=2024940050&pblancNo=2024940050,20240621,20240613,,,20240617,20240618,21
덕현지구주택재개발정비사업조합,20240628,20240629,,,https://www.elife.co.kr,2024940049,평촌 센텀퍼스트(3차),11,임의공급,경기도 안양시 동안구 호계동 992-1번지 일원,14111,0313422886,202406,2024940049,https://www.applyhome.co.kr/ai/aia/selectAPTRemndrLttotPblancDetailView.do?houseManageNo=2024940049&pblancNo=2024940049,20240620,20240612,,,20240614,20240617,18
코리아신탁(주),20240702,20240708,,,https://haute.laphare.kr/,2024940048,라파르 오뜨 서래,11,임의공급,서울특별시 서초구 방배동 798-9,06587,025990999,202407,2024940048,https://www.applyhome.co.kr/ai/aia/selectAPTRemndrLttotPblancDetailView.do?houseManageNo=2024940048&pblancNo=2024940048,20240626,20240610,,,20240612,20240620,10
우리자산신탁 주식회사,20240628,20240630,,,https://www.월드메르디앙송도.com,2024940047,월드메르디앙 송도(2차),11,임의공급,"인천광역시 연수구 송도동 21-16,17,18,19,20,21번지(M-2-8-3,4,5,6,7,8BL)",22002,15661285,202409,2024940047,https://www.applyhome.co.kr/ai/aia/selectAPTRemndrLttotPblancDetailView.do?houseManageNo=2024940047&pblancNo=2024940047,20240627,20240614,,,20240618,20240621,15
주식회사 케이티앤지,20240621,20240621,,,https://www.엘리프미아역.com,2024940045,엘리프 미아역 2단지(2차),11,임의공급,서울특별시 강북구 도봉로 222 (미아동),01133,029295554,202608,2024940045,https://www.applyhome.co.kr/ai/aia/selectAPTRemndrLttotPblancDetailView.do?houseManageNo=2024940045&pblancNo=2024940045,20240618,20240610,,,20240612,20240613,14
(주)하이아트,20240608,20240608,,,http://판교TH212.com,2024940044,판교TH212,11,임의공급,"경기도 성남시 분당구 대장동 B2, B3BL",13544,15510212,202511,2024940044,https://www.applyhome.co.kr/ai/aia/selectAPTRemndrLttotPblancDetailView.do?houseManageNo=2024940044&pblancNo=2024940044,20240607,20240530,,,20240603,20240603,9
코리아신탁(주),20240614,20240614,,,https://msr-khapt.com,2024940043,문수로 금호어울림 더 퍼스트,11,임의공급,울산광역시 남구 신정동 1154-7번지 일원,44673,18116402,202512,2024940043,https://www.applyhome.co.kr/ai/aia/selectAPTRemndrLttotPblancDetailView.do?houseManageNo=2024940043&pblancNo=2024940043,20240613,20240605,,,20240610,20240610,20
대방이엔씨 주식회사,20240621,20240621,,,http://detre-np.co.kr/,2024940042,충남내포신도시 디에트르 에듀시티,11,임의공급,충청남도 홍성군 홍북읍 신경리 1361번지(충남내포신도시 RM14BL),32272,16886800,202511,2024940042,https://www.applyhome.co.kr/ai/aia/selectAPTRemndrLttotPblancDetailView.do?houseManageNo=2024940042&pblancNo=2024940042,20240613,20240604,,,20240607,20240610,147
우리자산신탁 주식회사,20240612,20240612,,,https://www.prugio.com/hb/2023/uijeongbu/,2024940041,의정부 푸르지오 클라시엘,11,임의공급,경기도 의정부시 금오동 369-1일원,11749,15510656,202712,2024940041,https://www.applyhome.co.kr/ai/aia/selectAPTRemndrLttotPblancDetailView.do?houseManageNo=2024940041&pblancNo=2024940041,20240610,20240531,,,20240604,20240604,45
보라산업개발(주),20240606,20240606,,,http://www.jg-jeil.co.kr/,2024940040,1호선 전곡역 제일풍경채 리버파크 임의공급(2차),11,임의공급,경기도 연천군 전곡읍 전곡리 85-12번지 일원,11031,15331414,202412,2024940040,https://www.applyhome.co.kr/ai/aia/selectAPTRemndrLttotPblancDetailView.do?houseManageNo=2024940040&pblancNo=2024940040,20240605,20240528,,,20240530,20240531,5
(주)사이마케팅,20240617,20240618,,,,2024940039,인천 유림노르웨이숲 에듀오션(2차),11,임의공급,"인천광역시 중구 서해대로 278 (신흥동3가, 인천유림노르웨이숲에듀오션)",22334,15991108,202407,2024940039,https://www.applyhome.co.kr/ai/aia/selectAPTRemndrLttotPblancDetailView.do?houseManageNo=2024940039&pblancNo=2024940039,20240614,20240531,,,20240607,20240611,10
역북지역주택조합,20240601,20240601,,,http://www.역북프라임시티.com,2024940038,역북 서희스타힐스 프라임시티(2차),11,임의공급,경기도 용인시 처인구 역북동 89-25번지 일원,17045,15885036,202703,2024940038,https://www.applyhome.co.kr/ai/aia/selectAPTRemndrLttotPblancDetailView.do?houseManageNo=2024940038&pblancNo=2024940038,20240531,20240522,,,20240524,20240528,20
주공생연아파트주택재건축정비사업조합,20240611,20240611,,,http://www.renewall-brownstone.co.kr/,2024940037,브라운스톤 인터포레,11,임의공급,경기도 동두천시 생연동 284번지 일원,11318,0318615257,202412,2024940037,https://www.applyhome.co.kr/ai/aia/selectAPTRemndrLttotPblancDetailView.do?houseManageNo=2024940037&pblancNo=2024940037,20240603,20240524,,,20240528,20240529,26
광명제5R구역주택재개발정비사업조합,20240531,20240531,,,https://www.xi.co.kr/KM5,2024940036,광명자이힐스테이트SKVIEW(4차),11,임의공급,경기도 광명시 광명동 78-38,14213,0269535532,202707,2024940036,https://www.applyhome.co.kr/ai/aia/selectAPTRemndrLttotPblancDetailView.do?houseManageNo=2024940036&pblancNo=2024940036,20240529,20240521,,,20240523,20240524,26
일신건영(주),20240529,20240529,,,http://www.휴먼빌일산클래스원.com,2024940034,휴먼빌 일산 클래스원,11,임의공급,경기도 고양시 일산동구 식사동 1110번지 일원(고양 풍동 2지구 3블럭),10304,16006221,202704,2024940034,https://www.applyhome.co.kr/ai/aia/selectAPTRemndrLttotPblancDetailView.do?houseManageNo=2024940034&pblancNo=2024940034,20240527,20240520,,,20240522,20240522,56
주식회사 하나자산신탁,20240518,20240518,,,http://xi.co.kr/yjs,2024940033,영주자이 시그니처,11,임의공급,경상북도 영주시 상망동 산78-1번지 일원,36065,18336344,202611,2024940033,https://www.applyhome.co.kr/ai/aia/selectAPTRemndrLttotPblancDetailView.do?houseManageNo=2024940033&pblancNo=2024940033,20240517,20240509,,,20240513,20240513,53
(주)하나자산신탁(청주개신 공동주택신축사업),20240524,20240525,,,https://www.dihighvill-parklane.com/main.html,2024940032,청주 동일하이빌 파크레인,11,임의공급,충청북도 청주시 서원구 개신동 70-10번지 일원 (청주개신2지구 도시개발사업 A2블럭),28644,15330038,202601,2024940032,https://www.applyhome.co.kr/ai/aia/selectAPTRemndrLttotPblancDetailView.do?houseManageNo=2024940032&pblancNo=2024940032,20240523,20240510,,,20240516,20240517,40
광명제5R구역주택재개발정비사업조합,20240510,20240510,,,https://www.xi.co.kr/KM5,2024940031,광명자이힐스테이트SKVIEW(3차),11,임의공급,경기도 광명시 광명동 78-38,14213,0269535532,202707,2024940031,https://www.applyhome.co.kr/ai/aia/selectAPTRemndrLttotPblancDetailView.do?houseManageNo=2024940031&pblancNo=2024940031,20240509,20240429,,,20240502,20240502,31
송파성지아파트리모델링주택조합,20240511,20240511,,,http://www.잠실더샵루벤.com,2024940030,잠실 더샵 루벤(2차),11,임의공급,서울특별시 송파구 송파동 171번지,05678,15517770,202503,2024940030,https://www.applyhome.co.kr/ai/aia/selectAPTRemndrLttotPblancDetailView.do?houseManageNo=2024940030&pblancNo=2024940030,20240507,20240426,,,20240430,20240430,5
디엘이앤씨 주식회사,20240513,20240513,,,http://www.elife.co.kr,2024940029,e편한세상 옥정 리더스가든,11,임의공급,경기도 양주시 옥정동 옥정택지개발지구 A-24BL,11469,0807833000,202405,2024940029,https://www.applyhome.co.kr/ai/aia/selectAPTRemndrLttotPblancDetailView.do?houseManageNo=2024940029&pblancNo=2024940029,20240508,20240429,,,20240502,20240502,3
광명제2R구역 주택재개발정비사업조합,20240504,20240504,,,https://www.prugio.com/hb/2023/trius,2024940028,트리우스 광명(4차),11,임의공급,경기도 광명시 광명1동 12-2번지 일원,14200,18002332,202412,2024940028,https://www.applyhome.co.kr/ai/aia/selectAPTRemndrLttotPblancDetailView.do?houseManageNo=2024940028&pblancNo=2024940028,20240502,20240423,,,20240425,20240426,46
신한자산신탁 주식회사,20240503,20240503,,,https://www.prugio.com/hc/2023/gwanjeo/main/,2024940027,관저 푸르지오 센트럴파크 2단지,11,임의공급,대전광역시 서구 계백지구 도시개발사업구역 공동주택용지 A2블럭 (가수원동 산 16-119번지 일원),35380,0428249660,202611,2024940027,https://www.applyhome.co.kr/ai/aia/selectAPTRemndrLttotPblancDetailView.do?houseManageNo=2024940027&pblancNo=2024940027,20240430,20240422,,,20240424,20240425,51
역북지역주택조합,20240501,20240501,,,http://www.역북프라임시티.com,2024940026,역북 서희스타힐스 프라임시티,11,임의공급,경기도 용인시 처인구 역북동 89-25번지 일원,17045,15885036,202703,2024940026,https://www.applyhome.co.kr/ai/aia/selectAPTRemndrLttotPblancDetailView.do?houseManageNo=2024940026&pblancNo=2024940026,20240430,20240419,,,20240423,20240425,20
덕현지구주택재개발정비사업조합,20240508,20240508,,,https://www.elife.co.kr,2024940025,평촌 센텀퍼스트(2차),11,임의공급,경기도 안양시 동안구 호계동 992-1번지 일원,14111,0313422886,202408,2024940025,https://www.applyhome.co.kr/ai/aia/selectAPTRemndrLttotPblancDetailView.do?houseManageNo=2024940025&pblancNo=2024940025,20240503,20240425,,,20240429,20240429,37
(주)사이마케팅,20240514,20240514,,,,2024940024,인천　유림노르웨이숲　에듀오션,11,임의공급,"인천광역시 중구 서해대로 278 (신흥동3가, 인천유림노르웨이숲에듀오션)",22334,15991108,202407,2024940024,https://www.applyhome.co.kr/ai/aia/selectAPTRemndrLttotPblancDetailView.do?houseManageNo=2024940024&pblancNo=2024940024,20240510,20240425,,,20240503,20240507,9
보라산업개발(주),20240426,20240426,,,http://www.jg-jeil.co.kr/,2024940023,1호선 전곡역 제일풍경채 리버파크,11,임의공급,경기도 연천군 전곡읍 전곡리 85-12번지 일원,11031,15331414,202412,2024940023,https://www.applyhome.co.kr/ai/aia/selectAPTRemndrLttotPblancDetailView.do?houseManageNo=2024940023&pblancNo=2024940023,20240425,20240417,,,20240419,20240422,5
한국투자부동산신탁 주식회사,20240428,20240429,,,https://xi.co.kr/kps,2024940022,고촌센트럴자이,11,임의공급,경기도 김포시 고촌읍 신곡리 김포신곡6지구 도시개발사업구역 A3BL,10130,16443318,202406,2024940022,https://www.applyhome.co.kr/ai/aia/selectAPTRemndrLttotPblancDetailView.do?houseManageNo=2024940022&pblancNo=2024940022,20240424,20240415,,,20240418,20240419,138
우리자산신탁 주식회사,20240426,20240428,,,http://www.월드메르디앙송도.com,2024940021,월드메르디앙 송도,11,임의공급,"인천광역시 연수구 송도동 21-16,17,18,19,20,21번지(M-2-8-3,4,5,6,7,8BL)",22002,15661285,202405,2024940021,https://www.applyhome.co.kr/ai/aia/selectAPTRemndrLttotPblancDetailView.do?houseManageNo=2024940021&pblancNo=2024940021,20240425,20240412,,,20240416,20240419,40
광명제5R구역주택재개발정비사업조합,20240420,20240420,,,https://www.xi.co.kr/KM5,2024940020,광명자이힐스테이트SKVIEW(2차),11,임의공급,경기도 광명시 광명동 78-38,14213,0269535532,202707,2024940020,https://www.applyhome.co.kr/ai/aia/selectAPTRemndrLttotPblancDetailView.do?houseManageNo=2024940020&pblancNo=2024940020,20240418,20240409,,,20240412,20240415,37
동진빌라가로주택정비사업조합,20240426,20240426,,,https://solihil.imweb.me,2024940019,신독산 솔리힐 뉴포레(3차),11,임의공급,서울특별시 금천구 독산동 234-72 일원,08552,028302468,202404,2024940019,https://www.applyhome.co.kr/ai/aia/selectAPTRemndrLttotPblancDetailView.do?houseManageNo=2024940019&pblancNo=2024940019,20240419,20240412,,,20240416,20240416,6
덕화주택가로주택정비사업조합,20240417,20240423,,,,2024940018,한양 LEEPS,11,임의공급,서울특별시 양천구 신월동 118-14외 2필지,07923,0226960990,202407,2024940018,https://www.applyhome.co.kr/ai/aia/selectAPTRemndrLttotPblancDetailView.do?houseManageNo=2024940018&pblancNo=2024940018,20240409,20240401,,,20240403,20240404,26
광명제2R구역 주택재개발정비사업조합,20240411,20240411,,,https://www.prugio.com/hb/2023/trius,2024940017,트리우스 광명 (3차),11,임의공급,경기도 광명시 광명1동 12-2번지 일원,14200,18002332,202412,2024940017,https://www.applyhome.co.kr/ai/aia/selectAPTRemndrLttotPblancDetailView.do?houseManageNo=2024940017&pblancNo=2024940017,20240409,20240329,,,20240402,20240403,52
송파성지아파트리모델링주택조합,20240415,20240415,,,http://www.잠실더샵루벤.com,2024940016,잠실 더샵 루벤,11,임의공급,서울특별시 송파구 송파동 171번지,05678,15517770,202503,2024940016,https://www.applyhome.co.kr/ai/aia/selectAPTRemndrLttotPblancDetailView.do?houseManageNo=2024940016&pblancNo=2024940016,20240408,20240329,,,20240402,20240402,23
가락현대5차아파트소규모재건축정비사업조합,20240412,20240412,,,http://더샵송파루미스타.com,2024940015,더샵 송파루미스타(2차),11,임의공급,서울특별시 송파구 가락동 161-3번지,05819,18003749,202605,2024940015,https://www.applyhome.co.kr/ai/aia/selectAPTRemndrLttotPblancDetailView.do?houseManageNo=2024940015&pblancNo=2024940015,20240411,20240327,,,20240403,20240404,9
주식회사 하나자산신탁,20240322,20240323,,,http://www.해링턴플레이스신경주역.com,2024940014,해링턴 플레이스 신경주역,11,임의공급,경상북도 경주시 건천읍 신경주역세권 B1BL,38183,15331770,202501,2024940014,https://www.applyhome.co.kr/ai/aia/selectAPTRemndrLttotPblancDetailView.do?houseManageNo=2024940014&pblancNo=2024940014,20240320,20240311,,,20240314,20240315,107
우리자산신탁 주식회사,20240322,20240323,,,https://www.남구로역센타시아.com,2024940013,남구로역 동일 센타시아,11,임의공급,서울특별시 구로구 가리봉동 113-1번지 일원,08383,028764004,202406,2024940013,https://www.applyhome.co.kr/ai/aia/selectAPTRemndrLttotPblancDetailView.do?houseManageNo=2024940013&pblancNo=2024940013,20240321,20240313,,,20240315,20240318,8
한국투자부동산신탁 주식회사,20240323,20240323,,,https://blog.naver.com/forenapyeongtaek,2024940012,포레나 평택화양 임의공급(2차),11,임의공급,경기도 평택시 현덕면 화양리 평택 화양지구 도시개발사업 7-2BL,17815,0313090995,202511,2024940012,https://www.applyhome.co.kr/ai/aia/selectAPTRemndrLttotPblancDetailView.do?houseManageNo=2024940012&pblancNo=2024940012,20240321,20240313,,,20240315,20240318,8
광명제5R구역주택재개발정비사업조합,20240320,20240320,,,https://www.xi.co.kr/KM5,2024940011,광명자이힐스테이트SKVIEW,11,임의공급,경기도 광명시 광명동 78-38,14213,0269535532,202707,2024940011,https://www.applyhome.co.kr/ai/aia/selectAPTRemndrLttotPblancDetailView.do?houseManageNo=2024940011&pblancNo=2024940011,20240318,20240308,,,20240312,20240313,76
수유 시그니티,20240322,20240322,,,,2024940010,수유 시그니티(임의공급 1차),11,임의공급,서울특별시 강북구 수유동 87-5번지 일원,01114,029875053,202404,2024940010,https://www.applyhome.co.kr/ai/aia/selectAPTRemndrLttotPblancDetailView.do?houseManageNo=2024940010&pblancNo=2024940010,20240318,20240308,,,20240312,20240313,25
주식회사 하나자산신탁,20240311,20240311,,,https://cckhapt.com,2024940009,춘천 금호어울림 더 퍼스트,11,임의공급,강원특별자치도 춘천시 동면 만천리 785번지 일원,24212,0332610543,202609,2024940009,https://www.applyhome.co.kr/ai/aia/selectAPTRemndrLttotPblancDetailView.do?houseManageNo=2024940009&pblancNo=2024940009,20240308,20240228,,,20240304,20240305,29
광명제2R구역 주택재개발정비사업조합,20240313,20240313,,,https://www.prugio.com/hb/2023/trius,2024940008,트리우스 광명 (임의공급 2차),11,임의공급,경기도 광명시 광명1동 12-2번지 일원,14200,18002332,202412,2024940008,https://www.applyhome.co.kr/ai/aia/selectAPTRemndrLttotPblancDetailView.do?houseManageNo=2024940008&pblancNo=2024940008,20240311,20240227,,,20240305,20240306,68
한신공영(주),20240315,20240316,,,http://gk-thehue.com,2024940007,아산 한신더휴(2차),11,임의공급,충청남도 아산시 권곡동 240-2번지 일원,31518,0415333320,202508,2024940007,https://www.applyhome.co.kr/ai/aia/selectAPTRemndrLttotPblancDetailView.do?houseManageNo=2024940007&pblancNo=2024940007,20240311,20240228,,,20240304,20240305,16
가락현대5차아파트소규모재건축정비사업조합,20240315,20240315,,,http://더샵송파루미스타.com,2024940006,더샵 송파루미스타(임의공급 1차),11,임의공급,서울특별시 송파구 가락동 161-3번지,05819,18003749,202605,2024940006,https://www.applyhome.co.kr/ai/aia/selectAPTRemndrLttotPblancDetailView.do?houseManageNo=2024940006&pblancNo=2024940006,20240313,20240228,,,20240306,20240307,29
한국투자부동산신탁 주식회사,20240224,20240224,,,,2024940005,포레나 평택화양,11,임의공급,경기도 평택시 현덕면 화양리 평택 화양지구 도시개발사업 7-2BL,17945,0313090995,202511,2024940005,https://www.applyhome.co.kr/ai/aia/selectAPTRemndrLttotPblancDetailView.do?houseManageNo=2024940005&pblancNo=2024940005,20240222,20240215,,,20240219,20240219,10
주식회사 케이티앤지,20240229,20240229,,,https://www.엘리프미아역.com,2024940004,엘리프 미아역 2단지,11,임의공급,서울특별시 강북구 도봉로 222 (미아동),01133,029295554,202608,2024940004,https://www.applyhome.co.kr/ai/aia/selectAPTRemndrLttotPblancDetailView.do?houseManageNo=2024940004&pblancNo=2024940004,20240222,20240214,,,20240216,20240219,19
광명제2R구역 주택재개발정비사업조합,20240216,20240216,,,https://www.prugio.com/hb/2023/trius,2024940003,트리우스 광명 (임의공급 1차),11,임의공급,경기도 광명시 광명1동 12-2번지 일원,14200,18002332,202412,2024940003,https://www.applyhome.co.kr/ai/aia/selectAPTRemndrLttotPblancDetailView.do?houseManageNo=2024940003&pblancNo=2024940003,20240214,20240202,,,20240206,20240207,105
개봉5구역주택재건축정비사업조합,20240207,20240207,,,http://www.hobansummit-gb.co.kr,2024940002,호반써밋 개봉,11,임의공급,서울특별시 구로구 개봉동 68-64번지 일대,08266,16703590,202412,2024940002,https://www.applyhome.co.kr/ai/aia/selectAPTRemndrLttotPblancDetailView.do?houseManageNo=2024940002&pblancNo=2024940002,20240205,20240129,,,20240131,20240131,17
동진빌라가로주택정비사업조합,20240201,20240201,,,https://solihil.imweb.me,2024940001,신독산 솔리힐 뉴포레(2차),11,임의공급,서울특별시 금천구 독산동 234-72 일원,08552,028302468,202402,2024940001,https://www.applyhome.co.kr/ai/aia/selectAPTRemndrLttotPblancDetailView.do?houseManageNo=2024940001&pblancNo=2024940001,20240125,20240118,,,20240122,20240122,9
한신공영(주),20240120,20240120,,,http://gk-thehue.com,2023940009,아산 한신더휴,11,임의공급,충청남도 아산시 권곡동 240-2번지 일원,31518,0415333320,202508,2023940009,https://www.applyhome.co.kr/ai/aia/selectAPTRemndrLttotPblancDetailView.do?houseManageNo=2023940009&pblancNo=2023940009,20240117,20240109,,,20240111,20240112,33
학익4주택재개발정비사업조합,20240119,20240119,,,https://forena-hagik.com,2023940008,포레나 인천학익,11,임의공급,인천광역시 미추홀구 학익2동 290-1,22219,18990873,202604,2023940008,https://www.applyhome.co.kr/ai/aia/selectAPTRemndrLttotPblancDetailView.do?houseManageNo=2023940008&pblancNo=2023940008,20240112,20240105,,,20240109,20240109,51
우리자산신탁 주식회사,20240106,20240106,,,https://www.prugio.com/hb/2023/sangdo,2023940007,상도 푸르지오 클라베뉴,11,임의공급,서울특별시 동작구 상도동 산65-74 번지 일원,07046,025750771,202403,2023940007,https://www.applyhome.co.kr/ai/aia/selectAPTRemndrLttotPblancDetailView.do?houseManageNo=2023940007&pblancNo=2023940007,20240104,20231226,,,20231228,20231229,197
파주운정에이투피에프브이㈜,20231226,20231226,,,http://www.hobansummit-uj.co.kr/a2,2023940006,파주 운정신도시 A2블록 호반써밋 이스트파크 (1차),11,임의공급,경기도 파주시 당하동 파주운정 3지구 A2블록,10869,16706648,202506,2023940006,https://www.applyhome.co.kr/ai/aia/selectAPTRemndrLttotPblancDetailView.do?houseManageNo=2023940006&pblancNo=2023940006,20231221,20231214,,,20231218,20231218,20
제주시애월지역주택조합,20231213,20231213,,,http://www.jejuthehill.com,2023940005,제주 더 힐 테라스,11,임의공급,제주특별자치도 제주시 애월읍 광령리 2680번지 일원,63064,18992787,202401,2023940005,https://www.applyhome.co.kr/ai/aia/selectAPTRemndrLttotPblancDetailView.do?houseManageNo=2023940005&pblancNo=2023940005,20231208,20231130,,,20231204,20231205,12
동진빌라가로주택정비사업조합,20231129,20231129,,,https://solihil.imweb.me,2023940004,신독산 솔리힐 뉴포레,11,임의공급,서울특별시 금천구 독산동 234-72 일원,08552,028302468,202311,2023940004,https://www.applyhome.co.kr/ai/aia/selectAPTRemndrLttotPblancDetailView.do?houseManageNo=2023940004&pblancNo=2023940004,20231122,20231115,,,20231117,20231117,8
대연4구역주택재건축정비사업조합,20231125,20231125,,,https://www.prugio.com/hc/2023/thebeach_summit/main/,2023940003,더 비치 푸르지오 써밋,11,임의공급,부산광역시 남구 대연3동 1808번지 일원,48513,0517841384,202312,2023940003,https://www.applyhome.co.kr/ai/aia/selectAPTRemndrLttotPblancDetailView.do?houseManageNo=2023940003&pblancNo=2023940003,20231123,20231116,,,20231120,20231120,30
덕현지구주택재개발정비사업조합,20231102,20231102,,,https://www.elife.co.kr,2023940002,평촌 센텀퍼스트,11,임의공급,경기도 안양시 동안구 호계동 992-1번지 일원,14111,0313422886,202311,2023940002,https://www.applyhome.co.kr/ai/aia/selectAPTRemndrLttotPblancDetailView.do?houseManageNo=2023940002&pblancNo=2023940002,20231026,20231019,,,20231023,20231023,74
"부천여월 엘에이치 참여형 가로주택정비사업조합,한국토지주택공사수도권도시정비특별본부",20231111,20231113,,,https://brownstone-yeowol.com,2023940001,브라운스톤 여월,11,임의공급,"경기도 부천시 여월동 9-28, 9-29번지",14463,16666335,202401,2023940001,https://www.applyhome.co.kr/ai/aia/selectAPTRemndrLttotPblancDetailView.do?houseManageNo=2023940001&pblancNo=2023940001,20231107,20231030,,,20231101,20231102,29
